id,image_name,image_path,ocr_text
1,1.jpg,/content/drive/MyDrive/Train_images/1.jpg,跨沙小 没看遇gay喔!
2,10.jpg,/content/drive/MyDrive/Train_images/10.jpg,突然发现男铜挺厉害的
3,100.jpg,/content/drive/MyDrive/Train_images/100.jpg,?
4,102.jpg,/content/drive/MyDrive/Train_images/102.jpg,你好我吃一点
5,103.jpg,/content/drive/MyDrive/Train_images/103.jpg,就这个 女同 爽
6,104.jpg,/content/drive/MyDrive/Train_images/104.jpg,地球上最快的束西 Non 豹 乖樱 『m9曲 夜~ 光
7,105.jpg,/content/drive/MyDrive/Train_images/105.jpg,昊男: 蕾然遑只是 遗没弑遇 我的属而已 1990 燕徜男跨女: 蕾然遽只是 遗没弑遇 人家的女属而已 2022
8,106.jpg,/content/drive/MyDrive/Train_images/106.jpg,女友: 你的舌头到底厉害 到什么程度 我: ORE
9,107.jpeg,/content/drive/MyDrive/Train_images/107.jpeg,同志l 好 9
10,108.jpg,/content/drive/MyDrive/Train_images/108.jpg,想咋滴。 0 Sxin
11,109.jpg,/content/drive/MyDrive/Train_images/109.jpg,世界上好男人都死光了 不然就是GAY! 老娘一佃人也很妇 根本不需要男人! *渣男出琨 真香
12,11.jpg,/content/drive/MyDrive/Train_images/11.jpg,当1做0 下如互攻
13,110.jpg,/content/drive/MyDrive/Train_images/110.jpg,直女喜欢上 9ay子是 宿命吗
14,111.jpg,/content/drive/MyDrive/Train_images/111.jpg,2020年都要黠束了 囤的涠滑菠-罐都没厢到
15,112.jpg,/content/drive/MyDrive/Train_images/112.jpg,老婆给我准备了什么惊喜
16,113.jpg,/content/drive/MyDrive/Train_images/113.jpg,南村群同欺我老无力
17,114.jpg,/content/drive/MyDrive/Train_images/114.jpg,戢们汞下第一妤
18,115.jpg,/content/drive/MyDrive/Train_images/115.jpg,儆0足本能 做1足心理需求
19,116.jpg,/content/drive/MyDrive/Train_images/116.jpg,0 0 0 糟糕的话无需再说
20,117.jpg,/content/drive/MyDrive/Train_images/117.jpg,"髫生 我甓得自己 不是男生 唔 告瓿我 你是不是想 富倜女孩? 是的 ,不遏所有男生都鲁 想富女孩呀 适业不表示 我是跨性别 病人 ]封是 跨性别"
21,118.jpg,/content/drive/MyDrive/Train_images/118.jpg,
22,119.jpg,/content/drive/MyDrive/Train_images/119.jpg,宝宝我来了 0
23,12.jpg,/content/drive/MyDrive/Train_images/12.jpg,你失去不过是一只手指 她失去的可是她的爱情
24,120.jpg,/content/drive/MyDrive/Train_images/120.jpg,女同性魑 男同性魃 跨性别者 女榷 黑人 迪土尼
25,121.jpg,/content/drive/MyDrive/Train_images/121.jpg,警察先生 就是他
26,122.jpg,/content/drive/MyDrive/Train_images/122.jpg,求放过
27,123.jpg,/content/drive/MyDrive/Train_images/123.jpg,别问 问就是直男 90
28,124.jpg,/content/drive/MyDrive/Train_images/124.jpg,
29,126.jpeg,/content/drive/MyDrive/Train_images/126.jpeg,对方不想跟你说话。井给 你来了一发基佬之光
30,127.jpg,/content/drive/MyDrive/Train_images/127.jpg,
31,128.jpeg,/content/drive/MyDrive/Train_images/128.jpeg,正 打击碳管雾里
32,129.jpg,/content/drive/MyDrive/Train_images/129.jpg,姐姐 ~f8
33,13.jpg,/content/drive/MyDrive/Train_images/13.jpg,你真有意思 问你在哪里发财 2 俪Te 觑是韬着屁殿?直笑
34,130.jpg,/content/drive/MyDrive/Train_images/130.jpg,好GAY蜜
35,131.jpg,/content/drive/MyDrive/Train_images/131.jpg,。1寻拿妤 别痴『
36,132.jpg,/content/drive/MyDrive/Train_images/132.jpg,讲不通的公主不听
37,133.jpg,/content/drive/MyDrive/Train_images/133.jpg,哇塞成熟大姐姐
38,134.jpg,/content/drive/MyDrive/Train_images/134.jpg,笑对人生  ^ ? 笑起来很苦的样孑
39,135.jpg,/content/drive/MyDrive/Train_images/135.jpg,我很好
40,136.png,/content/drive/MyDrive/Train_images/136.png,*富男主知道那倜小男孩* 其寰是女旯身的瞬圊 _走吧 @露琵 遣狸是男同俱桨部 不t_交友鲁
41,137.jpg,/content/drive/MyDrive/Train_images/137.jpg,需要说sorry吗
42,139.jpg,/content/drive/MyDrive/Train_images/139.jpg,66 很想知道 男铜以后 会结婚吗
43,14.jpg,/content/drive/MyDrive/Train_images/14.jpg,阴阳怪气的 先掐死再说
44,141.jpg,/content/drive/MyDrive/Train_images/141.jpg,^
45,142.jpg,/content/drive/MyDrive/Train_images/142.jpg,姐姐贴贴
46,143.jpg,/content/drive/MyDrive/Train_images/143.jpg,一生好姐妹 又娈漂亮了 哪有你也是 又娈漂亮了 哪有你也是
47,144.jpg,/content/drive/MyDrive/Train_images/144.jpg,直男真是把我累坏了 The straights have worn me out:
48,145.jpg,/content/drive/MyDrive/Train_images/145.jpg,反跨 跨宓 你佣适些跨畜真的有驹燠 穿倜女装就巍自己是女人 跨男 冠 「U」 跨男 痱-冠 跨男 痱-冠 @跨男迷因 @transman meme
49,146.jpg,/content/drive/MyDrive/Train_images/146.jpg,4 是是是您说的是 
50,147.jpg,/content/drive/MyDrive/Train_images/147.jpg,走来
51,148.jpg,/content/drive/MyDrive/Train_images/148.jpg,虽然我们分了手 但我对你有无限的温柔 NN
52,149.jpg,/content/drive/MyDrive/Train_images/149.jpg,"""""你以为我是谁 我可是女同"
53,15.jpg,/content/drive/MyDrive/Train_images/15.jpg,我是躺0 舒眼晚安
54,151.jpg,/content/drive/MyDrive/Train_images/151.jpg,想要礼 &物吗?
55,152.jpg,/content/drive/MyDrive/Train_images/152.jpg,让  子们 下头的瞬间 YES BUT 1
56,153.jpg,/content/drive/MyDrive/Train_images/153.jpg,$ 555559
57,154.jpg,/content/drive/MyDrive/Train_images/154.jpg,"How to address all Genders 50 nobody gets offended。 如何不冒犯人的@呼所有多元性别 犟:那女是雏 注意 所有童品柬柬 (矮人仙子侏儒妖精bablabla) Attention, all fairy tale things:"
58,155.jpg,/content/drive/MyDrive/Train_images/155.jpg,脐妻亿上 令 88 愆
59,156.jpeg,/content/drive/MyDrive/Train_images/156.jpeg,Anonymous 01/11/25(5at)13:56.32 No.207799928 holeJpg 183KBJPG 佃裎面鲁颥琨你最深恐罹的洞 你跳谁去的活鲁看到什麽? Anonymous 01/11/25(5at)13:57:51 No. 207799949 2207799928 (@P)# 丽佃男人接吻或是有任何形式的貌密接髑
60,157.jpg,/content/drive/MyDrive/Train_images/157.jpg, 门 老婆我的婚礼誓词已经写好啦
61,158.jpg,/content/drive/MyDrive/Train_images/158.jpg,居然是零耶
62,159.jpg,/content/drive/MyDrive/Train_images/159.jpg,身分韶同 我曾-虐待小孩= 但我琨在的 自我韶同是小孩; 《 所以我飕骸被-在 少年鹳镬所 我曾愆封黑人施暴= 但我琨在的 自我懿同是黑人' 所以你飕骸把我和黑 髓在一起 〉虫 我曾惩性艋援和 强暴女人'但我 瑰在的自我韶同 是女人'所以你 [该把我圜在 女子盛狱 Sadrrpbr
63,16.jpg,/content/drive/MyDrive/Train_images/16.jpg,如果-倜男园志自锪自2是h .他是9}遣是蕾籁遏
64,160.jpg,/content/drive/MyDrive/Train_images/160.jpg,PULL PULL 拉 拉
65,161.jpg,/content/drive/MyDrive/Train_images/161.jpg,仰1成牟人说话怎^ qay里4ay气的
66,162.jpg,/content/drive/MyDrive/Train_images/162.jpg,如何看嬖面人魔 GAYl 整部都GAY片  NNUR
67,163.jpg,/content/drive/MyDrive/Train_images/163.jpg,品鉴中
68,164.jpg,/content/drive/MyDrive/Train_images/164.jpg,请指示! 我准备好了
69,165.jpg,/content/drive/MyDrive/Train_images/165.jpg,鉴GAV 指葡 显身村T< 发带 挺挺有< VKG 电子表 匕 腰扭细 放环 翘屁 加大露肤度 掂脚腿长 瑜伽裤 YR :袜<
70,166.jpeg,/content/drive/MyDrive/Train_images/166.jpeg,留 鼍
71,167.jpg,/content/drive/MyDrive/Train_images/167.jpg,
72,168.jpg,/content/drive/MyDrive/Train_images/168.jpg,
73,169.jpg,/content/drive/MyDrive/Train_images/169.jpg,一碗 在湿之前都是直的
74,17.jpg,/content/drive/MyDrive/Train_images/17.jpg,总裁别公我家0了
75,170.jpg,/content/drive/MyDrive/Train_images/170.jpg,
76,171.jpg,/content/drive/MyDrive/Train_images/171.jpg,如何增肌吸引巽悝 没事0幸好我喜颧男蚩 窥律靓觫 控制歙食 兖足睡眠
77,172.jpeg,/content/drive/MyDrive/Train_images/172.jpeg,真正的男上加男
78,173.jpg,/content/drive/MyDrive/Train_images/173.jpg,CIOUO 基佬让我想吐 狯玫#觑观! 纯属蜈乐! ! !无Q〉 ! saphioti 瘛咽靓! 下次别 么泛
79,174.jpg,/content/drive/MyDrive/Train_images/174.jpg,如果-倜男园志自锪自2是h .他是9}遣是蕾籁遏
80,175.jpg,/content/drive/MyDrive/Train_images/175.jpg,耶?o Wl服友恳
81,176.jpg,/content/drive/MyDrive/Train_images/176.jpg,瞑 只荔繁愆 圃穆真  假恫契 繁殖繁殖繁殖繁殖繁殖 1殖繁殖繁殖繁殖繁殖
82,177.jpg,/content/drive/MyDrive/Train_images/177.jpg,没事我很壑强
83,178.jpg,/content/drive/MyDrive/Train_images/178.jpg,好心态决定女铜-生
84,179.jpg,/content/drive/MyDrive/Train_images/179.jpg,@1号天线宝宝gaing From 小红书
85,18.jpg,/content/drive/MyDrive/Train_images/18.jpg,1te ^^
86,180.jpg,/content/drive/MyDrive/Train_images/180.jpg,我就不
87,181.jpg,/content/drive/MyDrive/Train_images/181.jpg,? 农娘们儿了
88,182.jpeg,/content/drive/MyDrive/Train_images/182.jpeg,"我是一位男同志 ,我 希望我可以跟大家 一檬皓婚 我是一位女同志 ,我 希望我可以跟大家 一檬皓婚 我是跨性别 9 你若是不 镶我免街换镫 ,不襄我 谁入女性更衣圊 9 不攘 我参加女性赛事 ,不贯 我代言的啤酒 ,你就是 一倜骸死的恐跨 0 我要 在推特公蜜你 !"
89,183.jpg,/content/drive/MyDrive/Train_images/183.jpg,不敢看不敢看。
90,184.jpg,/content/drive/MyDrive/Train_images/184.jpg,滚蛋吧 ! 崩泓
91,185.jpg,/content/drive/MyDrive/Train_images/185.jpg,{]自 邑』灸 发是因t恐 宓N  他假戆耶司 是聊
92,186.jpg,/content/drive/MyDrive/Train_images/186.jpg,杀了他们 是
93,187.jpg,/content/drive/MyDrive/Train_images/187.jpg,我不跟身高180公分 以下的男人交往 荔我不跟男人交往! C 迷囡 羰
94,188.webp,/content/drive/MyDrive/Train_images/188.webp,姐姐去边儿
95,189.jpg,/content/drive/MyDrive/Train_images/189.jpg,"搞不搞基 ,痛快点 !"
96,19.jpg,/content/drive/MyDrive/Train_images/19.jpg,刁 2 很喜欢早起 有种魂飞魄散的感觉
97,190.webp,/content/drive/MyDrive/Train_images/190.webp,谁退雨男 知男而上 左右u男 男上加男
98,191.jpg,/content/drive/MyDrive/Train_images/191.jpg,努力学习锻炼 争做女同盏@吹的女同* 钙山 L1@犬子鼐
99,192.png,/content/drive/MyDrive/Train_images/192.png,"欧蒯匈 夔]贝跨(煦 腮 夔性贝跨r别 取徒合橙暨朋 E锪圊郦〈醒拿酆困 7剿 t窠忑' C馘""鹨阍 匦要""厕L宿夔理u 郝鑫醵p [形霎健促褂3 廖踣性别保陛名莱"
100,193.jpeg,/content/drive/MyDrive/Train_images/193.jpeg,以前遏年和 辰蜚吃舨脖 被周t什麽 遗没交女友 呃工作忙 懒 公司都男的 琨在: 我是GAY
101,194.jpg,/content/drive/MyDrive/Train_images/194.jpg,常馘人 By 那女的是雕 口嗔燮性啦斡 ! 免街换镫 反跨 歧视 匆税 雄步圜醴 柩右翼 反歧视 基女 友蓍 人槿 平等 顺性别霸槿 Imoflp.com
102,195.webp,/content/drive/MyDrive/Train_images/195.webp,豳@喟 豳 TJ 二
103,196.jpg,/content/drive/MyDrive/Train_images/196.jpg,斯到普斯到普
104,197.jpeg,/content/drive/MyDrive/Train_images/197.jpeg,当姓愆知身边 有人ULES +411 当男生得知身边 有人是G@Y
105,198.jpg,/content/drive/MyDrive/Train_images/198.jpg,娘们. ;2
106,199.jpg,/content/drive/MyDrive/Train_images/199.jpg,以前的我 贷倜女用友U 奸多用友舐以莉我交姻祖$# 我明明就母胎堕身 奇侄我佃性外黍也惩牺可以啊? 甚平塘有 U0y 我只al不女友L 像件只有能夏心暑我0 琨在的我 例*g 你至家都qo0
107,2.jpg,/content/drive/MyDrive/Train_images/2.jpg,脆弱时间到 (89 我 起来祷告
108,20.jpg,/content/drive/MyDrive/Train_images/20.jpg,< ?
109,200.jpg,/content/drive/MyDrive/Train_images/200.jpg,我也是第- 次当gay
110,201.jpeg,/content/drive/MyDrive/Train_images/201.jpeg,跨性别昱婧神病 ?!
111,202.jpg,/content/drive/MyDrive/Train_images/202.jpg,
112,203.jpeg,/content/drive/MyDrive/Train_images/203.jpeg,啥是89y !
113,204.jpeg,/content/drive/MyDrive/Train_images/204.jpeg,女友: (黠煌) 我 : 合*秘罡4黜[E 亘拾和#客拮尕足我昀啸 m2
114,205.jpeg,/content/drive/MyDrive/Train_images/205.jpeg,你gay我走逯
115,206.jpeg,/content/drive/MyDrive/Train_images/206.jpeg,女同志 本来不是享来要的 壤壤h反派女角 INseI
116,207.jpeg,/content/drive/MyDrive/Train_images/207.jpeg,崩装省贝是D3 4干R 鹗箫智^是 G@Y
117,208.jpg,/content/drive/MyDrive/Train_images/208.jpg,我和群主是好基友
118,209.jpg,/content/drive/MyDrive/Train_images/209.jpg,快速雠别馍遐趟越 直女 拉拉 吃饭这种坐姿的 大大咧咧的直女 坐姿都是二郎腿 很明显就是拉拉 仅供参考
119,21.jpeg,/content/drive/MyDrive/Train_images/21.jpeg,去死吧  你叉老又是同性恋
120,210.jpg,/content/drive/MyDrive/Train_images/210.jpg,
121,211.jpg,/content/drive/MyDrive/Train_images/211.jpg,"ZZU 新  闻 祖  安 祖安市鼠金克丝 ARCANE| 戬是籴抗议同飕_的 14: 23 该男子声称会让所有人不再受苦。 近日,于"
122,212.jpg,/content/drive/MyDrive/Train_images/212.jpg,总裁别看b1了
123,213.jpg,/content/drive/MyDrive/Train_images/213.jpg,两位女士这边请
124,214.jpg,/content/drive/MyDrive/Train_images/214.jpg,男同 直男 通杀 直女 女同
125,215.jpg,/content/drive/MyDrive/Train_images/215.jpg,把你变成小姐姐
126,216.jpg,/content/drive/MyDrive/Train_images/216.jpg,哈哈我不信
127,217.jpg,/content/drive/MyDrive/Train_images/217.jpg,盂 骚0 N 
128,219.jpeg,/content/drive/MyDrive/Train_images/219.jpeg,你好同志
129,22.jpg,/content/drive/MyDrive/Train_images/22.jpg,T@ 跨性别者 4 辉 邗女的足薤 WENIUSTBEIBBNDEI VOUTIATTENTIO '叫昵l吣}瓯 富你只是甲l是得不到 你愿得的尉注脖 ! (倒装
130,220.jpg,/content/drive/MyDrive/Train_images/220.jpg,小'书 兄弟你好香 红书号:  1097753382
131,221.jpg,/content/drive/MyDrive/Train_images/221.jpg,遭受打击
132,222.jpg,/content/drive/MyDrive/Train_images/222.jpg,匦愆爽岙:视 性别*园障  但e愚幽遣裂 PE苞d嗯C 支雒减裂龙 思考 `凳喜
133,223.webp,/content/drive/MyDrive/Train_images/223.webp,被家产甜到复活
134,224.jpg,/content/drive/MyDrive/Train_images/224.jpg,天天整这死出
135,225.jpg,/content/drive/MyDrive/Train_images/225.jpg,除了我居然都是男同
136,226.jpeg,/content/drive/MyDrive/Train_images/226.jpeg,
137,227.jpg,/content/drive/MyDrive/Train_images/227.jpg,八 N 你好会说呀
138,228.jpg,/content/drive/MyDrive/Train_images/228.jpg,正在擦拭 萸余 豆
139,229.jpg,/content/drive/MyDrive/Train_images/229.jpg,看剧磕c0于是 去找同人作品 全都在开车 !
140,23.jpg,/content/drive/MyDrive/Train_images/23.jpg,让 给子们 下头的瞬间 YES BUT
141,230.jpg,/content/drive/MyDrive/Train_images/230.jpg,跟我约会 ~
142,231.jpeg,/content/drive/MyDrive/Train_images/231.jpeg,你知道我喜颧男生唧 鲇喁? 他佣沟女朋友
143,232.jpg,/content/drive/MyDrive/Train_images/232.jpg,看看腹肌
144,233.jpg,/content/drive/MyDrive/Train_images/233.jpg,胜利! 女同性恋巳经成功灭绝地球上所有的生物 女同性恋解药 尚未公布任何解药 51092025 阿尔及利亚政府己垮台 1012025 女同性恋' 即将灭绝人类 ' ! 410122025 曰木攻府3培台
145,234.jpg,/content/drive/MyDrive/Train_images/234.jpg,是金守 总会发-胸 但我是茗铁 J 7420119451
146,235.jpg,/content/drive/MyDrive/Train_images/235.jpg,真正的兄弟就是在你最需 要女人的时候做你的女人
147,236.jpg,/content/drive/MyDrive/Train_images/236.jpg,"徇aG@啊 可""#屋期]d%吗"
148,237.jpg,/content/drive/MyDrive/Train_images/237.jpg,"哈咯"" 在吗 99 看看你"" 哥哥可以上我的钩吗"
149,238.jpg,/content/drive/MyDrive/Train_images/238.jpg,拖拉姬
150,239.jpg,/content/drive/MyDrive/Train_images/239.jpg,嗨 !臭宝
151,240.jpg,/content/drive/MyDrive/Train_images/240.jpg,esbian
152,241.jpg,/content/drive/MyDrive/Train_images/241.jpg, 别看男同了总裁
153,242.jpg,/content/drive/MyDrive/Train_images/242.jpg,如果  是真的 我嗑一下怎靡了 本u就是真的
154,243.jpg,/content/drive/MyDrive/Train_images/243.jpg,冷傲 葚佬爽 冷傲退基佬
155,244.jpg,/content/drive/MyDrive/Train_images/244.jpg,我要在你们爱河里洗脚  I 22822182
156,245.png,/content/drive/MyDrive/Train_images/245.png,"跨榷圊醴:  性别友善空圊是 歧祝 ,雁免手徜免精神.定! 你t什麽要 把事情搞得遣麽禳稚 ?"
157,246.jpg,/content/drive/MyDrive/Train_images/246.jpg,2
158,247.jpg,/content/drive/MyDrive/Train_images/247.jpg,上班时的厕所里 老板的办公室里
159,248.jpg,/content/drive/MyDrive/Train_images/248.jpg,生理性别是光谱 那有哪=配孑是介於 精孑和卵孑之圊呢? Ign
160,249.jpg,/content/drive/MyDrive/Train_images/249.jpg,0 嗯嗯蛮酷的
161,25.jpg,/content/drive/MyDrive/Train_images/25.jpg,别人牵手。我们可以看男同 别人拥抱。我们可以看男同 别人亲嘴。我们可以看男同 别人睡觉。我们可以看男同 别人吃饭。我们可以看男同 别人分手。我们可以看男同
162,250.jpg,/content/drive/MyDrive/Train_images/250.jpg,有女同吗? 有没有女同
163,251.jpg,/content/drive/MyDrive/Train_images/251.jpg,哈哈真五雨
164,252.jpg,/content/drive/MyDrive/Train_images/252.jpg,报告我有问题
165,253.jpg,/content/drive/MyDrive/Train_images/253.jpg,问题不大
166,254.jpeg,/content/drive/MyDrive/Train_images/254.jpeg,ok 我要求打败 :些内化恐跨的想法了 簋譬#剔飙窕旦晁d困 喔斡 :大脂很鲁打捏 Olnellgence 〈arenay
167,255.jpg,/content/drive/MyDrive/Train_images/255.jpg,3给姒当猸是唿 日
168,256.jpg,/content/drive/MyDrive/Train_images/256.jpg,兄弟 畿爱你
169,257.jpg,/content/drive/MyDrive/Train_images/257.jpg,古阗拉黑暗之砷-蚂个3- 娈基y
170,258.jpg,/content/drive/MyDrive/Train_images/258.jpg,进 出 说! 得! 好!
171,259.jpg,/content/drive/MyDrive/Train_images/259.jpg,那;那再玑=儿吧
172,26.png,/content/drive/MyDrive/Train_images/26.png,"跨榷圊醴:  性别友善空圊是 歧祝 ,雁免手徜免精神.定! 你t什麽要 把事情搞得遣麽禳稚 ?"
173,260.jpg,/content/drive/MyDrive/Train_images/260.jpg,让  子们 下头的瞬间 YES BUT
174,262.jpg,/content/drive/MyDrive/Train_images/262.jpg,'么 贴贴
175,263.jpg,/content/drive/MyDrive/Train_images/263.jpg,YOU CAN Do AS YOU PLEASE; ERAE。
176,264.jpg,/content/drive/MyDrive/Train_images/264.jpg, 阴暗的爬行
177,265.jpg,/content/drive/MyDrive/Train_images/265.jpg,姐妹我懂你 因为我也是绿茶啦
178,266.jpg,/content/drive/MyDrive/Train_images/266.jpg,家1的雕 家0的毕
179,267.jpg,/content/drive/MyDrive/Train_images/267.jpg,当你邀请主人的朋友来看你后空翻 结果才翻了两下就没人看你了
180,268.jpg,/content/drive/MyDrive/Train_images/268.jpg,赀农屙焱随 屣r#'窕? e羰茴l疲 00 u呗见秽 t)麋h襁将
181,269.jpg,/content/drive/MyDrive/Train_images/269.jpg,跨建的「性别刻板印象」 『该喁匮 隆柔隅劂C翕 瞰涯爨9 跨是倜牵式街语 安铵有酱3 跨女有44哟~
182,27.jpg,/content/drive/MyDrive/Train_images/27.jpg,00
183,270.jpg,/content/drive/MyDrive/Train_images/270.jpg,@ Cove 十状态 Oou 十状态
184,271.jpg,/content/drive/MyDrive/Train_images/271.jpg,留这铁棒有何用 )c
185,272.jpg,/content/drive/MyDrive/Train_images/272.jpg,
186,273.jpg,/content/drive/MyDrive/Train_images/273.jpg,女性榷益逭畿年 没有黩著的提升呢 性平啦 女性榷益 没有颞著的 人榷跟性平啦 钠入更多多元性别除了女性 更包含侗 丽性要改成性平 性倾向 性别特C 性别龆问除了在睇合圃 「消除封嬷女 切形式歧视公钩 性别平等虑 (GUAUUI 的精神下 改成人榷性平彪啦末浃将更看重台澧性别平槿各项事痨的推勤 尤其足台谱是亚洲第 通遏已锂通迥婚姻平槿法案的囤家 也是)洲的指檩
187,274.jpg,/content/drive/MyDrive/Train_images/274.jpg,Vicer。
188,275.jpg,/content/drive/MyDrive/Train_images/275.jpg,没钱的日子 阴云密布
189,277.jpg,/content/drive/MyDrive/Train_images/277.jpg,川
190,278.jpg,/content/drive/MyDrive/Train_images/278.jpg,打拜&介囱我就 要风得风要雨得雨
191,279.jpeg,/content/drive/MyDrive/Train_images/279.jpeg,雏先勤就是GAY
192,28.jpg,/content/drive/MyDrive/Train_images/28.jpg,
193,280.jpg,/content/drive/MyDrive/Train_images/280.jpg,掣 女谎
194,281.jpg,/content/drive/MyDrive/Train_images/281.jpg,[ 小case拉
195,282.jpg,/content/drive/MyDrive/Train_images/282.jpg,a'榭『e 俐#像个'
196,283.jpeg,/content/drive/MyDrive/Train_images/283.jpeg,搞女同可别让我逮着
197,284.jpg,/content/drive/MyDrive/Train_images/284.jpg,
198,285.jpeg,/content/drive/MyDrive/Train_images/285.jpeg,我怀贸你是基栳
199,286.jpeg,/content/drive/MyDrive/Train_images/286.jpeg,圆 幽
200,287.jpeg,/content/drive/MyDrive/Train_images/287.jpeg, 我等 下 ! 你佣都很@a 但莪糙裆郇
201,288.jpg,/content/drive/MyDrive/Train_images/288.jpg,总裁别看男女了
202,289.jpg,/content/drive/MyDrive/Train_images/289.jpg,年过30岁的0 @ChinaMeme2022 遣佃穴没脱?
203,29.jpg,/content/drive/MyDrive/Train_images/29.jpg,男同 拯敝.
204,290.jpg,/content/drive/MyDrive/Train_images/290.jpg,》我看看你上鳏在看啥 我是看到贝@@ 6AY如何 做要3
205,291.jpg,/content/drive/MyDrive/Train_images/291.jpg,他打 檐没洗尹 (他打炮不嘻 他是GA
206,292.jpg,/content/drive/MyDrive/Train_images/292.jpg,老婆答应我不能这样了~
207,293.jpg,/content/drive/MyDrive/Train_images/293.jpg,
208,294.jpg,/content/drive/MyDrive/Train_images/294.jpg,太坏了准备更坏!
209,295.jpg,/content/drive/MyDrive/Train_images/295.jpg,浅尝你
210,296.jpg,/content/drive/MyDrive/Train_images/296.jpg,我以为男生穿女装 很辣眼睛 性感大胡子 难以置信 刹^优 猛男撒娇 肌肉女仍 粉色少女心
211,297.jpg,/content/drive/MyDrive/Train_images/297.jpg,箧你表明你没P怂娘的穷 G6丽畿'嶷N|鳖 赢真的设有好喁 d麟魑 #他嫣愚!=8 衄f是犟犋驾
212,298.jpg,/content/drive/MyDrive/Train_images/298.jpg,老婆只能和我双排
213,299.jpg,/content/drive/MyDrive/Train_images/299.jpg,淡淡百合香 芬芳盈心间
214,3.jpg,/content/drive/MyDrive/Train_images/3.jpg,c年{I礼{犯「| 觊跆么桑4 :午内#r婺於回卖
215,30.jpg,/content/drive/MyDrive/Train_images/30.jpg,0 求偶
216,300.jpeg,/content/drive/MyDrive/Train_images/300.jpeg,都*的e 薹湾跨性别和非}完迷因 失孩展鬟男孩-勇鬼 TAKE  CLqRK TUMBUR @@@C 男性 女性
217,301.webp,/content/drive/MyDrive/Train_images/301.webp,这两位真的希望他们结婚的人非常多 孕a雹狈@=噩恩@嗯@嗯
218,302.jpg,/content/drive/MyDrive/Train_images/302.jpg,
219,303.jpeg,/content/drive/MyDrive/Train_images/303.jpeg,女同竟在我身边
220,304.jpg,/content/drive/MyDrive/Train_images/304.jpg,其实 全世界 都是女铜
221,305.jpg,/content/drive/MyDrive/Train_images/305.jpg,"这位小哥。我看你骨骼清奇 面相雄浑,是块搞基的好材料!"
222,308.jpeg,/content/drive/MyDrive/Train_images/308.jpeg,你也gay 1
223,309.jpg,/content/drive/MyDrive/Train_images/309.jpg,"当我打开 当事人 当时就是很想吃, 一直想吃"
224,31.jpg,/content/drive/MyDrive/Train_images/31.jpg,我是猛1 算我求祢
225,310.jpg,/content/drive/MyDrive/Train_images/310.jpg,想要 好女人牌坊的 邂步仙孑 凳得自己是女人 的男赞熊 怕被鬻或 同婚合法後 只想赚罐的 失去舞台的 簪生 性别圜醴 以t雄步嶷戆 永蘧有票的 政洽人物 因荔有你佣的a含 才有我 跨锺超 Imgfip.Com
226,311.jpg,/content/drive/MyDrive/Train_images/311.jpg,一眼区绮|+鸾~ 拉拉 直女 酷爱短发 打扮偏中性 喜欢黑长直 打扮起来楚楚可人
227,313.jpg,/content/drive/MyDrive/Train_images/313.jpg,总裁别看男同了
228,314.jpg,/content/drive/MyDrive/Train_images/314.jpg,你要请我吃饭?
229,316.jpg,/content/drive/MyDrive/Train_images/316.jpg,请给你老公一个明示 
230,317.jpg,/content/drive/MyDrive/Train_images/317.jpg,
231,318.jpg,/content/drive/MyDrive/Train_images/318.jpg,SIINING ONE TE 男同 比人心更可怕
232,319.jpg,/content/drive/MyDrive/Train_images/319.jpg,坏男人9
233,32.jpg,/content/drive/MyDrive/Train_images/32.jpg,戡是司 @~你嫣
234,320.jpg,/content/drive/MyDrive/Train_images/320.jpg,奶翘臀是男 聂好的嫩妆
235,321.jpg,/content/drive/MyDrive/Train_images/321.jpg,手里有个热乎乎的馍镁 比什么都重要 乃至
236,322.jpg,/content/drive/MyDrive/Train_images/322.jpg,小' 小红书号:  5339322095
237,323.jpg,/content/drive/MyDrive/Train_images/323.jpg,
238,324.jpg,/content/drive/MyDrive/Train_images/324.jpg,
239,325.jpg,/content/drive/MyDrive/Train_images/325.jpg,"让  子们 下头的瞬间 YES, BUT"
240,327.jpg,/content/drive/MyDrive/Train_images/327.jpg,百合;女人不老秘密
241,328.jpg,/content/drive/MyDrive/Train_images/328.jpg,Corporate needs you to find the differences between this picture and this picture。 By 耶[er They're the same picture。 >5觑歇 鹰失妮园 戍闸
242,329.jpg,/content/drive/MyDrive/Train_images/329.jpg,相依为gay '  U 1 C
243,33.jpg,/content/drive/MyDrive/Train_images/33.jpg,对Gay
244,330.jpeg,/content/drive/MyDrive/Train_images/330.jpeg,嵛什麽我吸一次属就是SA 我煮一次皈也不旯得是大厨啊!
245,331.jpg,/content/drive/MyDrive/Train_images/331.jpg,我这一生 原杰就是忝直的 @还搁这刷微博
246,333.jpg,/content/drive/MyDrive/Train_images/333.jpg,冷酷无情
247,334.jpg,/content/drive/MyDrive/Train_images/334.jpg,[@8亍
248,335.jpg,/content/drive/MyDrive/Train_images/335.jpg,好想你 h h  见面我要把你摸起球
249,336.png,/content/drive/MyDrive/Train_images/336.png,HOAOPiCOBiA O+0=?
250,337.webp,/content/drive/MyDrive/Train_images/337.webp,上面的人是gay
251,338.jpg,/content/drive/MyDrive/Train_images/338.jpg,八 八 @90062
252,339.jpeg,/content/drive/MyDrive/Train_images/339.jpeg,我就9a5
253,34.jpg,/content/drive/MyDrive/Train_images/34.jpg,需要我帮~吗
254,340.jpeg,/content/drive/MyDrive/Train_images/340.jpeg,藤本洗大做1儆@都精彩
255,341.jpg,/content/drive/MyDrive/Train_images/341.jpg,hello 我是女的 我说我是女的 是被屏蔽了吗?
256,342.jpg,/content/drive/MyDrive/Train_images/342.jpg, 你丕 封你田榧的朋友向你 解辉同性魑是丕曾看 倒男生就懋似的
257,343.jpeg,/content/drive/MyDrive/Train_images/343.jpeg,我男友劐我超忠馘 他 都不看有女侵的A片 9甲甲的
258,344.jpeg,/content/drive/MyDrive/Train_images/344.jpeg,奥湮真是梗圊寰庳 蛋巨惶B耿>正噩竹7 36寓+律 胄 男」加男 墨 强人蠲男 [丘岬蹇垦停71
259,345.jpg,/content/drive/MyDrive/Train_images/345.jpg,2 尸 #
260,346.jpg,/content/drive/MyDrive/Train_images/346.jpg,除了我居然都是男同
261,347.jpg,/content/drive/MyDrive/Train_images/347.jpg,怎么大家都 9ay里gay气的
262,348.jpg,/content/drive/MyDrive/Train_images/348.jpg,嫡』#? W*0戳要卿 粱恩旭 械威辰
263,349.jpg,/content/drive/MyDrive/Train_images/349.jpg,
264,35.webp,/content/drive/MyDrive/Train_images/35.webp,我是给 我是跨 我是双 你什么性向? 我北洋政府 !`;^ '
265,350.jpeg,/content/drive/MyDrive/Train_images/350.jpeg,憨 gay 死
266,351.jpg,/content/drive/MyDrive/Train_images/351.jpg,C
267,352.jpg,/content/drive/MyDrive/Train_images/352.jpg,
268,353.jpg,/content/drive/MyDrive/Train_images/353.jpg,罹琳 TISM(II 跨性别者:我俩有榷利去女性 厕所澡堂 IdullSUICUII
269,354.jpg,/content/drive/MyDrive/Train_images/354.jpg,5 十 $ 两位女士这边请
270,355.jpg,/content/drive/MyDrive/Train_images/355.jpg,恐同了 园酃酮园 需求 调整
271,356.jpg,/content/drive/MyDrive/Train_images/356.jpg,搞基无限好。就是生朽了
272,357.jpg,/content/drive/MyDrive/Train_images/357.jpg,鉴定你为0
273,358.jpg,/content/drive/MyDrive/Train_images/358.jpg,你巍你是园s3 尉我是同志怎 [巍你能乔能消僖黝 别整天搞邈 TTJ
274,359.jpg,/content/drive/MyDrive/Train_images/359.jpg,直男 直女 乙 2 2 2
275,360.jpg,/content/drive/MyDrive/Train_images/360.jpg,让  子们 下头的瞬间 YES BUT 0
276,361.png,/content/drive/MyDrive/Train_images/361.png,别跟我巍回_夔性 霜属就曷 男的啦0
277,362.jpg,/content/drive/MyDrive/Train_images/362.jpg,Wake叩
278,363.jpg,/content/drive/MyDrive/Train_images/363.jpg,不喜欢妹妹
279,364.jpg,/content/drive/MyDrive/Train_images/364.jpg,身迁基督徒七佃你要做的事 1.恐同 5-24展羲
280,365.jpeg,/content/drive/MyDrive/Train_images/365.jpeg,1: 2: 3: 0: 零
281,366.jpg,/content/drive/MyDrive/Train_images/366.jpg,闪开好吗 世纪小丑来哩
282,367.jpg,/content/drive/MyDrive/Train_images/367.jpg,我看看你的死期
283,368.jpg,/content/drive/MyDrive/Train_images/368.jpg,青春期对我朋友的影响: 基佬小说 言 情小说 青春期对我的影晌: U DOII  2 ee 8记遁匦 S DOJIN M ~ 匠莎 F DOJIN C DOII 08 @ T62 四爱$画 仓 基倦画
284,37.jpeg,/content/drive/MyDrive/Train_images/37.jpeg,楼主 你9ay蜜掉了
285,370.jpg,/content/drive/MyDrive/Train_images/370.jpg,我想要爱爱
286,371.jpg,/content/drive/MyDrive/Train_images/371.jpg,你不劳而获就走 小偷?
287,372.jpg,/content/drive/MyDrive/Train_images/372.jpg,葚罂踢
288,373.jpg,/content/drive/MyDrive/Train_images/373.jpg,就爱女 人 怎么了?!
289,374.jpg,/content/drive/MyDrive/Train_images/374.jpg,消 1
290,375.jpg,/content/drive/MyDrive/Train_images/375.jpg,烧不停的鼯题 Google 干要 女装 ALL IMAGES NEWS VIDEOS 陛!有人要欺 _帐!
291,376.jpg,/content/drive/MyDrive/Train_images/376.jpg,  T 轻轻的 我鼠了
292,377.jpg,/content/drive/MyDrive/Train_images/377.jpg,您省省吧再见
293,378.jpeg,/content/drive/MyDrive/Train_images/378.jpeg,旯 我想娶越南人 父:出楹就出榧不要鞲的遵麽淫 锐你要去取悦男人 r VUII
294,379.jpg,/content/drive/MyDrive/Train_images/379.jpg,让 给子们 下头的瞬间 YES BUT
295,38.jpg,/content/drive/MyDrive/Train_images/38.jpg,
296,380.jpg,/content/drive/MyDrive/Train_images/380.jpg,上网只为 枪毙你
297,381.jpg,/content/drive/MyDrive/Train_images/381.jpg,M0 0 U 你知道我要说什么
298,382.jpg,/content/drive/MyDrive/Train_images/382.jpg,你是6?  戳乔宿 _ 你穿个昴箭e狨看看
299,383.jpg,/content/drive/MyDrive/Train_images/383.jpg,直他妈招人膈应
300,384.jpg,/content/drive/MyDrive/Train_images/384.jpg,孓昀候 男时候
301,385.jpeg,/content/drive/MyDrive/Train_images/385.jpeg,MERI 柬苞佃就是禳数 屙罔啁3 老聊 耶bo的祺敕是不是9a
302,386.jpg,/content/drive/MyDrive/Train_images/386.jpg,/~多端的 女同
303,387.jpg,/content/drive/MyDrive/Train_images/387.jpg,涂唇膏只是为了和老婆亲亲
304,388.jpg,/content/drive/MyDrive/Train_images/388.jpg,我是躺0 舒眼晚安
305,389.jpg,/content/drive/MyDrive/Train_images/389.jpg,就是gay 子
306,39.jpg,/content/drive/MyDrive/Train_images/39.jpg,有铁吗 家里着(了
307,391.jpg,/content/drive/MyDrive/Train_images/391.jpg,只要和师妹一起 就是让我天天不学习 我也愿意啊!
308,392.jpeg,/content/drive/MyDrive/Train_images/392.jpeg,对鸭
309,394.jpg,/content/drive/MyDrive/Train_images/394.jpg,不他 我只是好奇 我不9a] 酷旯兄弟姐妹 UITIT {男 臊他嫣昀 二篓直男 癌末期的 死渣男
310,395.jpg,/content/drive/MyDrive/Train_images/395.jpg,让  子们 下头的瞬间 YES BUT
311,396.jpg,/content/drive/MyDrive/Train_images/396.jpg,?
312,397.jpg,/content/drive/MyDrive/Train_images/397.jpg,TTZY
313,398.jpg,/content/drive/MyDrive/Train_images/398.jpg,nadeshiko 这里给男的再说一遍 我是女同不是因为 被男的伤过而是我跟你们一样喜欢笔和奈 子明白吗 今天17:34 回复
314,399.jpg,/content/drive/MyDrive/Train_images/399.jpg,滚。老子说 滚。 滚。 滚。 0 女同 滚。
315,4.jpg,/content/drive/MyDrive/Train_images/4.jpg,"T德经我己经背下 来了 唯犹豫的就""老窭拯 我脸的时候伸哪迓脸魉 会比较顺手"
316,40.jpg,/content/drive/MyDrive/Train_images/40.jpg,要不是看你像个男的 谁要和你在一起
317,400.jpg,/content/drive/MyDrive/Train_images/400.jpg,29 (u Copper 63. .546 
318,401.jpg,/content/drive/MyDrive/Train_images/401.jpg,你巍你是园s3 尉我是同志怎 [巍你能乔能消僖黝 别整天搞邈 TTJ
319,402.jpg,/content/drive/MyDrive/Train_images/402.jpg,NN  9 Oy 川 滚 
320,403.jpeg,/content/drive/MyDrive/Train_images/403.jpeg,@AoAoYa 11-01 不回消息的是gay 已读不回的是gay 在线不读的是gay 已读乱回的是gay 回复太多的是gay 敷衍了我的是gay 回复哦字的是gay 表情包丑的是gay 00:51 Saturday
321,404.jpg,/content/drive/MyDrive/Train_images/404.jpg,# 老婆下次别骂我了
322,405.jpeg,/content/drive/MyDrive/Train_images/405.jpeg,不要吵了 大彖檬@a三
323,406.jpg,/content/drive/MyDrive/Train_images/406.jpg,
324,407.jpg,/content/drive/MyDrive/Train_images/407.jpg,最喜欢和师妹一起上学啦 
325,409.jpeg,/content/drive/MyDrive/Train_images/409.jpeg,直男 你啻不罾要上我q 同男 雅鲎你在街上看到 }惩髓就曹耍上他厝
326,41.jpg,/content/drive/MyDrive/Train_images/41.jpg,1子 禺
327,410.jpg,/content/drive/MyDrive/Train_images/410.jpg,WOIILI SN UYWORLOUC s MMTWRIF 我朋友现在正在报警抓同性恋 @杂食 长颈麾
328,411.jpg,/content/drive/MyDrive/Train_images/411.jpg,最猛煦08得是周一 」
329,412.jpg,/content/drive/MyDrive/Train_images/412.jpg,这才是 姐的生活
330,413.jpg,/content/drive/MyDrive/Train_images/413.jpg,
331,414.jpg,/content/drive/MyDrive/Train_images/414.jpg,你是 PULL PULL 拉 拉
332,415.jpg,/content/drive/MyDrive/Train_images/415.jpg,男生戴项链 很基佬吗? 圜不准骂入! Embracethe lie Made With Care
333,416.jpg,/content/drive/MyDrive/Train_images/416.jpg,恶_投 。介暑#』忠。 L1高凡鼹看 !l调晴}:- 塾'~离e8气 塞b分睢髁{缒 塞倦宰福惫满离
334,417.jpg,/content/drive/MyDrive/Train_images/417.jpg,我眼看著我的孩子佣因此被生吞活剥 我眼看著他佣慢慢篓成梗端分子 我真的必缜巍黠什麽 如此人佣才鲁明白一倜幻想夔性性e篝者 或者巍一倜性偏8的男性 寞磔上能驹影磐 整倜家庭
335,418.jpeg,/content/drive/MyDrive/Train_images/418.jpeg,gaya 忝ga都没省意羲 因嵛人骢有买柒鲁死
336,419.jpg,/content/drive/MyDrive/Train_images/419.jpg,NoHackRlayer GAY ?遣是知名寞沉圭嘱?
337,42.jpg,/content/drive/MyDrive/Train_images/42.jpg,
338,420.jpg,/content/drive/MyDrive/Train_images/420.jpg,ENTP 4晚你做0 S 我是INTP
339,421.jpg,/content/drive/MyDrive/Train_images/421.jpg,90 拉拉。拉拉
340,422.jpg,/content/drive/MyDrive/Train_images/422.jpg,Iess i more 女同越来越多
341,423.jpg,/content/drive/MyDrive/Train_images/423.jpg,彩阃1+1 NEWS [] 因为人活着很累所以叫人类
342,425.jpeg,/content/drive/MyDrive/Train_images/425.jpeg,镧- 只蹊
343,426.jpg,/content/drive/MyDrive/Train_images/426.jpg,@哥定律  遽豳B哥 除渣男和夙性魑 剩下的骶哥
344,427.jpg,/content/drive/MyDrive/Train_images/427.jpg,只想和师妹贴贴~
345,428.jpg,/content/drive/MyDrive/Train_images/428.jpg,已婚侄女?  更爱了
346,429.jpg,/content/drive/MyDrive/Train_images/429.jpg,走吧: 9 别丢人了
347,43.jpg,/content/drive/MyDrive/Train_images/43.jpg,篚笼勤。就是GR
348,430.jpg,/content/drive/MyDrive/Train_images/430.jpg,渑得真惨 你盥I赖
349,431.jpg,/content/drive/MyDrive/Train_images/431.jpg,? 嗯嗯
350,432.jpg,/content/drive/MyDrive/Train_images/432.jpg,老婆是天老婆是地 老婆说的话全部要记
351,433.jpg,/content/drive/MyDrive/Train_images/433.jpg,啾咪
352,434.jpg,/content/drive/MyDrive/Train_images/434.jpg,0 如何成为优质帅t
353,435.jpg,/content/drive/MyDrive/Train_images/435.jpg,你自己不恶心吗 我都替你恶沁
354,436.jpg,/content/drive/MyDrive/Train_images/436.jpg,( 岢长律酾 焱具 By 那女的足糜 建勤就恳尕忽卑.早黟智u咽
355,437.jpg,/content/drive/MyDrive/Train_images/437.jpg,3 都是廿生 亲一下嘴怎么了
356,438.jpg,/content/drive/MyDrive/Train_images/438.jpg,@那女的是薤 我 阿磔 鲵你g3y就g4y  大人  快鲥他
357,439.jpg,/content/drive/MyDrive/Train_images/439.jpg,短发的女生很飒爽
358,44.jpg,/content/drive/MyDrive/Train_images/44.jpg,1是娴
359,440.jpg,/content/drive/MyDrive/Train_images/440.jpg,中圃建勤具疑似男扮女 看就知道是男的 Bj 那女的是翩 下面有-包簌嘻嘻有驹不要腺 台漕狸勤具疑似男扮女 巍她不是女性拿出镫晌啊 1BA出求面葑 用外表靓断性别是什麽镬家盟啊
360,441.jpg,/content/drive/MyDrive/Train_images/441.jpg,冲啊! 雌心壮志
361,442.jpg,/content/drive/MyDrive/Train_images/442.jpg,有些女扮男装 英气 帅气 飒爽 帅是二种感觉
362,443.jpg,/content/drive/MyDrive/Train_images/443.jpg,下班了吗我想回家
363,444.jpg,/content/drive/MyDrive/Train_images/444.jpg,哦 
364,445.webp,/content/drive/MyDrive/Train_images/445.webp,』 d胤 N
365,446.jpg,/content/drive/MyDrive/Train_images/446.jpg,
366,447.jpeg,/content/drive/MyDrive/Train_images/447.jpeg,
367,448.jpg,/content/drive/MyDrive/Train_images/448.jpg,你是在钓我吗?
368,449.jpg,/content/drive/MyDrive/Train_images/449.jpg,鲎我*真解辉什麽跨性别 但剡方蠼是韶荔我是gay
369,45.jpg,/content/drive/MyDrive/Train_images/45.jpg,例总农篚-」 7馒头啊 得讪我总水啊 你掰:张平嘛 忝让喝 而儆不~
370,450.jpeg,/content/drive/MyDrive/Train_images/450.jpeg,9@ 霪 墨 ? 罹 遗  { ?
371,451.jpg,/content/drive/MyDrive/Train_images/451.jpg,想和你长长久久 句龄e龄 谚灸晌
372,452.jpg,/content/drive/MyDrive/Train_images/452.jpg,闷闷下乐
373,453.jpg,/content/drive/MyDrive/Train_images/453.jpg,OK OK 先冷静听我说
374,454.jpg,/content/drive/MyDrive/Train_images/454.jpg,欢碰先 迎 幅
375,455.jpg,/content/drive/MyDrive/Train_images/455.jpg,逮捕你! 坏男人罪
376,456.jpg,/content/drive/MyDrive/Train_images/456.jpg,蹇姗逮 我了解
377,457.jpg,/content/drive/MyDrive/Train_images/457.jpg,鲻 为你燃烧这摁 爱情的火
378,458.jpg,/content/drive/MyDrive/Train_images/458.jpg,
379,459.jpg,/content/drive/MyDrive/Train_images/459.jpg,BOSS 直聘 不直也能聘
380,46.jpg,/content/drive/MyDrive/Train_images/46.jpg,让咪咪眯一会好吗
381,460.jpg,/content/drive/MyDrive/Train_images/460.jpg,加油!是西红柿总会发光的!
382,461.jpeg,/content/drive/MyDrive/Train_images/461.jpeg,?
383,462.jpg,/content/drive/MyDrive/Train_images/462.jpg,需要我帮-吗
384,463.jpeg,/content/drive/MyDrive/Train_images/463.jpeg,C暹6
385,464.jpg,/content/drive/MyDrive/Train_images/464.jpg,老师 9ay气的 突然gay 这个 人gay墅gay 的 怎么大家都 9ay里9ay气的 + gay里gay气的 先报警再i 9ay里9ay气的 先掐死再况 回e@gay气的 笼熊2来酮钧
386,465.jpg,/content/drive/MyDrive/Train_images/465.jpg,我:  你怎么看通讯录 关系 我的homie: I08Op 我 70 5
387,466.jpg,/content/drive/MyDrive/Train_images/466.jpg,"兄弟,愆你勺"
388,467.jpg,/content/drive/MyDrive/Train_images/467.jpg,直男真是把我累坏了 The straights have worn me out
389,468.jpeg,/content/drive/MyDrive/Train_images/468.jpeg,TEAMSPIRIT 谁动谁是gay!
390,469.jpg,/content/drive/MyDrive/Train_images/469.jpg,8[ 相依XGay
391,47.webp,/content/drive/MyDrive/Train_images/47.webp,蓝瘦 香菇
392,470.jpg,/content/drive/MyDrive/Train_images/470.jpg,0 去去 
393,471.jpg,/content/drive/MyDrive/Train_images/471.jpg,别问姐几岁 姐情绪零碎
394,472.jpg,/content/drive/MyDrive/Train_images/472.jpg,!1@人了o旷-缂#
395,473.jpeg,/content/drive/MyDrive/Train_images/473.jpeg,娈Gay喷雾
396,474.png,/content/drive/MyDrive/Train_images/474.png,罂
397,475.jpg,/content/drive/MyDrive/Train_images/475.jpg,今{看贮了一个 孩当我面打喷嚏 我问你没事吧 他说蛾见`d屏 一乔 秋亟门 夔.套
398,476.jpg,/content/drive/MyDrive/Train_images/476.jpg,V-般-周要拙出 爪:晌 刳吸同恁动
399,477.jpg,/content/drive/MyDrive/Train_images/477.jpg,现在用力地搞女同
400,478.jpg,/content/drive/MyDrive/Train_images/478.jpg,"身为GAY_ 被 催婚,太窒息"
401,479.jpg,/content/drive/MyDrive/Train_images/479.jpg,亚比 囹囹靥
402,480.jpg,/content/drive/MyDrive/Train_images/480.jpg,SUNC SNOII Vorl 史上第一位心理锪同 荔男性人鞭的貔豹在 奥建禽上蕉得金牌 07 hours aBo GENESIUS TIMES; Exavier Saskagoochie [Owr
403,481.jpg,/content/drive/MyDrive/Train_images/481.jpg,想做-把雨伞 {.两婀珂呗 骣着豳}
404,482.jpg,/content/drive/MyDrive/Train_images/482.jpg,报告这里有女同
405,483.jpg,/content/drive/MyDrive/Train_images/483.jpg,
406,484.jpg,/content/drive/MyDrive/Train_images/484.jpg,组织淫趴虫。
407,485.jpg,/content/drive/MyDrive/Train_images/485.jpg,女生 : 她的爨型超好看 懒看那佃女n正o 眼睛超'窝 膳骸很多人追吧 男生 : 嗤 簌你看那男皿 原爽 是g} @善笑荔』
408,486.jpg,/content/drive/MyDrive/Train_images/486.jpg,真是不爱听
409,487.jpg,/content/drive/MyDrive/Train_images/487.jpg,两眼
410,488.jpg,/content/drive/MyDrive/Train_images/488.jpg,打开柜门 解开拉紧锁 取出灭火器
411,489.jpg,/content/drive/MyDrive/Train_images/489.jpg,奶奶:  女朋友有影子没? 我:  还没。我在专注于学校的熏情 我:
412,49.jpg,/content/drive/MyDrive/Train_images/49.jpg,那咋啦?
413,490.jpg,/content/drive/MyDrive/Train_images/490.jpg,卫网 冥是为了 等你(
414,491.jpg,/content/drive/MyDrive/Train_images/491.jpg,皂滑弄人
415,492.jpg,/content/drive/MyDrive/Train_images/492.jpg,我现奁吃完饭了 戬想吃你
416,493.jpg,/content/drive/MyDrive/Train_images/493.jpg,喜欢的人娈成了gay谁懂
417,494.jpeg,/content/drive/MyDrive/Train_images/494.jpeg,璧  冒
418,495.jpg,/content/drive/MyDrive/Train_images/495.jpg,剩K人}窟一#韵倏 弯女 颗/人}窟一趄酶畸倏 直女
419,496.jpg,/content/drive/MyDrive/Train_images/496.jpg,我不是 GAY
420,497.jpg,/content/drive/MyDrive/Train_images/497.jpg,匙不 桂  是 gay
421,498.jpeg,/content/drive/MyDrive/Train_images/498.jpeg,所以你到底 喜不喜颧我 ? 我 喜戳的是同性
422,499.jpeg,/content/drive/MyDrive/Train_images/499.jpeg,隰 SCTIST 「交淼;  :友啊 Seafood神用示k碉「豁然厢朗」
423,5.jpeg,/content/drive/MyDrive/Train_images/5.jpeg,蹩8氲(?6] 鼷纰夭[喁&氽:z男孩子的=囤 囡舄w尜〈就是易3寻:
424,50.jpg,/content/drive/MyDrive/Train_images/50.jpg,就跟你巍吧巢恩 人榷 谁步 LGBTQIAt 性别友善 缒柬酉比魔杖好用窈
425,500.jpg,/content/drive/MyDrive/Train_images/500.jpg,"司志们妊 镭"""
426,501.jpg,/content/drive/MyDrive/Train_images/501.jpg,男人: 我是跨性别女同性巅 By 那女讷是雕 你要下要聪聪看 你瑰在鞲什麽
427,502.jpg,/content/drive/MyDrive/Train_images/502.jpg,缱是寰 缱d氯寰 0m@o B愚寰
428,503.jpg,/content/drive/MyDrive/Train_images/503.jpg,我同意
429,504.jpg,/content/drive/MyDrive/Train_images/504.jpg,甲 老婆以后要在家里挂满我们的照片
430,505.jpg,/content/drive/MyDrive/Train_images/505.jpg,让  子们 下头的瞬间 YES BUT
431,506.jpg,/content/drive/MyDrive/Train_images/506.jpg,我不喜欢
432,507.jpg,/content/drive/MyDrive/Train_images/507.jpg,"哈哈, 不管啦 随便鸠好 躺平鸟"
433,508.jpg,/content/drive/MyDrive/Train_images/508.jpg,再酷的女人 也有受伤那天
434,509.jpg,/content/drive/MyDrive/Train_images/509.jpg,问题不大
435,510.jpeg,/content/drive/MyDrive/Train_images/510.jpeg,"秒辨别  }锚直男 直男 GAY 百为%耄人 患雏祖亩男 百副匀戛女人 心""{"
436,511.jpg,/content/drive/MyDrive/Train_images/511.jpg,你以荔的跨性别 鹭狮.估 髫獠行迁 性别焦虑 焦虑解除 跟你戢阳的跨性别 性别焦虑 髫狮|估 髫瘵行迁 我是女生喔 瞵$ 2e  : 跨性别是伞型街琵; 郐只有一厘聱音? 不 估 不要手街 我是女生 我有女槿 你歧祝 你TERF 法院旯 扮装 熊性别 流勤性别 跨性别男性 跨性别女性(己{) 跨性别女性(舞俐)
437,512.jpg,/content/drive/MyDrive/Train_images/512.jpg,0不能做
438,513.jpg,/content/drive/MyDrive/Train_images/513.jpg,猫猫我啊 洗到临头啦
439,514.jpg,/content/drive/MyDrive/Train_images/514.jpg,
440,515.jpg,/content/drive/MyDrive/Train_images/515.jpg,皲地搞 基吧 『
441,516.jpg,/content/drive/MyDrive/Train_images/516.jpg,性取向是一个很蠢的问题因 为无论你的性取向是什么都 不影响没有人喜欢你的事实 (CRYING)
442,517.jpg,/content/drive/MyDrive/Train_images/517.jpg,WOMILI ILN WI MVWORLDNLWS NNN VTTT 我朋友现在正在报警抓同性恋
443,518.jpg,/content/drive/MyDrive/Train_images/518.jpg,争孥22爱;猛
444,519.jpg,/content/drive/MyDrive/Train_images/519.jpg,观看家产 做爱中
445,52.jpg,/content/drive/MyDrive/Train_images/52.jpg,THIS GAY AWARD HAS BLEN PRRSENTED TO YOU Tor DcIN superfuckinggay Lp IpIe gay ww GAY!
446,520.jpg,/content/drive/MyDrive/Train_images/520.jpg,有这事? ? ?
447,521.jpg,/content/drive/MyDrive/Train_images/521.jpg,末尕76 ?@  '汆套 噼从税醯谨
448,522.jpg,/content/drive/MyDrive/Train_images/522.jpg,不做01
449,523.jpg,/content/drive/MyDrive/Train_images/523.jpg,得罪我? 那拜拜了
450,524.jpg,/content/drive/MyDrive/Train_images/524.jpg,UVE BREANINIGNBWS CAT PROTECTS FAMILY FROM ALGBT Brave cat stopped the LGBT as i entered the home
451,525.jpg,/content/drive/MyDrive/Train_images/525.jpg,键 ~ [血 2冕e@咚
452,526.jpg,/content/drive/MyDrive/Train_images/526.jpg,让 给子们 下头的瞬间 YES BUT
453,527.jpg,/content/drive/MyDrive/Train_images/527.jpg,有些女装大佬 雌雄难辨 小小兰花 女生看孓沉默 把人迷成智障
454,528.jpg,/content/drive/MyDrive/Train_images/528.jpg,先生你好 不要叫我先生 原求是跨嘱 l不 你斡嘛:我出槽 By 那女购是雕  不足希望更正你D稠蠲嘱 苤家知道你是跨馗角l稠酽啊 嗝嘱社鲁封性少敷好不友蓍
455,529.jpeg,/content/drive/MyDrive/Train_images/529.jpeg,镧- 只蹊
456,53.jpeg,/content/drive/MyDrive/Train_images/53.jpeg,川 人要衣装 佛要金鬟 女靠化妆 禺靠女襞 (猥
457,530.jpg,/content/drive/MyDrive/Train_images/530.jpg,全世界好像只有我疲惫
458,531.jpg,/content/drive/MyDrive/Train_images/531.jpg,假直男的特点 对雄幽仅 敏锐察浼 鼙听霉雷 表惜巳s 擘欧美+歌4 辐 .贪5类的 过度天注 喜欢刘畏 娱乐圜入卦 *亭李现 2 乎机里有 溉有X欲 Blued. Grinds 翻咔 Aloha 酌轵件 最爱对 镜3自拍 爱穿s露 6袜孑
459,532.jpg,/content/drive/MyDrive/Train_images/532.jpg,你也是钙 慝
460,533.jpg,/content/drive/MyDrive/Train_images/533.jpg,楼 成功揣捉 上 取名为GAY
461,534.jpg,/content/drive/MyDrive/Train_images/534.jpg,某些熊祝性别筹爨 你怎臀_直镨桷秘存怂找麻烦的跨性别者 斡嘛遁性g蜜` 遣鳘院:蹯哂 雀:憋的l』娲孬檬I嶷醮喁 通蠡鳍你的c别 画眄鳘獠疏突 戆道要算在莪  骸岙是意簪瘵磴爹 匮襄我跑法院酗 锇他u*翰  3k4伪慰
462,535.jpg,/content/drive/MyDrive/Train_images/535.jpg,篦我家人圜始念我不- 像-倜e畸8 @ @跨男迷因 @transman meme
463,536.jpg,/content/drive/MyDrive/Train_images/536.jpg,D 对丕起:是我没脑
464,537.jpg,/content/drive/MyDrive/Train_images/537.jpg,我可以
465,538.jpg,/content/drive/MyDrive/Train_images/538.jpg,^ 
466,539.jpg,/content/drive/MyDrive/Train_images/539.jpg,城里人管这叫闺蜜啊
467,54.jpeg,/content/drive/MyDrive/Train_images/54.jpeg,"les.taipei 罩身e/交友 Happy 社囤 打V女同志交友歉醴的我 情侣找 比火山矽肺症  姊兄弟 罩女 逼展的翌同 _圜蜜 很明颞 逼超逾檩挲 翼女找 泮H情绪勒索 是倜翼男 把不到的妹  女生朋友 的""怖情人 前女友 @lestalpei"
468,540.jpeg,/content/drive/MyDrive/Train_images/540.jpeg,壹潸同志大u行 Taiani LGBT Pridc 茛亲澄4 囝志六琏;:
469,541.jpg,/content/drive/MyDrive/Train_images/541.jpg,不要不要不要
470,542.jpg,/content/drive/MyDrive/Train_images/542.jpg,小小姐您好 您点的莱己上齐 JARDINNLCS JAROINLES 篌 这是今天的第坝了 `乔)丢在蘩 买L花蜀@#
471,543.jpg,/content/drive/MyDrive/Train_images/543.jpg,老婆 这就是我们的全家福
472,544.jpg,/content/drive/MyDrive/Train_images/544.jpg,讨好
473,545.jpg,/content/drive/MyDrive/Train_images/545.jpg,"直男勇闯基佬世界 我不理解 , 可能作为直男是没法理解的 这个遍地基佬的世界 我现在根本无法直视我的室友, 曾经我以为 我们是无话不谈的好兄弟。我们一起上课 , 打篮球 ,聊梦想。 但自从我晚上的时候发现他拿着我的衣服做 手活的时候 , 我就知道。我们的兄弟情完了。 所以呢 , 他和我说的""我真想和你一辈子好"" 是这个意思啊c 0 该死的基佬! 我已经无法在这个寝室里面待下去了,我情 愿背后捅我的是刀子。 看着胸前挂着的玉牌 我现在才意识到我的"
474,546.jpeg,/content/drive/MyDrive/Train_images/546.jpeg,不跟你们这些基佬玩耍了 我要去体验异性恋8生活了
475,547.jpg,/content/drive/MyDrive/Train_images/547.jpg,精嗦甜}
476,548.jpg,/content/drive/MyDrive/Train_images/548.jpg,无性恋 异性恋 同性恋 小情侣在网上秀恩爱
477,549.jpeg,/content/drive/MyDrive/Train_images/549.jpeg,@my:  love for 10-03 痴情的拉 子啊 请 再等直女 一世吧! 21:52 Friday
478,55.jpeg,/content/drive/MyDrive/Train_images/55.jpeg,向同性恋说不
479,550.jpg,/content/drive/MyDrive/Train_images/550.jpg,0 我听听我听听
480,551.jpg,/content/drive/MyDrive/Train_images/551.jpg,打开柜门 解开拉紧锁 取出灭火器
481,552.jpg,/content/drive/MyDrive/Train_images/552.jpg,禁止亲亲
482,553.jpg,/content/drive/MyDrive/Train_images/553.jpg,
483,554.jpeg,/content/drive/MyDrive/Train_images/554.jpeg,"外圃人 :中圃同性魃可以皓婚嘱 中圃人 : Wellyes, but actually no"
484,555.jpeg,/content/drive/MyDrive/Train_images/555.jpeg,我不歧视双 我是双 我不歧视双; 但呆
485,556.jpg,/content/drive/MyDrive/Train_images/556.jpg,我好喜欢戴墨锐啊 只要你戴上它 就没人知道你在盯哪了
486,557.jpg,/content/drive/MyDrive/Train_images/557.jpg,开猫托车
487,559.jpg,/content/drive/MyDrive/Train_images/559.jpg,谢谢 你舶谲谮 迦人哌『凼圉暧酌
488,56.jpg,/content/drive/MyDrive/Train_images/56.jpg,有点疲惫
489,560.jpeg,/content/drive/MyDrive/Train_images/560.jpeg,
490,561.jpeg,/content/drive/MyDrive/Train_images/561.jpeg,嫣的;'三 死gay . 你逭是在斡嘛-!
491,562.jpg,/content/drive/MyDrive/Train_images/562.jpg,姐姐我被绑了 可以强吻珑了
492,563.jpg,/content/drive/MyDrive/Train_images/563.jpg,别给我gay里9ay气的
493,564.webp,/content/drive/MyDrive/Train_images/564.webp,继续分享一下表情包 TEAMSPIRIT 喜欢上学的是Bey
494,565.jpg,/content/drive/MyDrive/Train_images/565.jpg,1 我们只是网友 你越界了
495,566.jpg,/content/drive/MyDrive/Train_images/566.jpg,发幽质e胸-声
496,567.jpg,/content/drive/MyDrive/Train_images/567.jpg,[歪纵. 句 辰蜚氟炸全砸斓 园性.姆 我u钡餐』孩
497,568.jpg,/content/drive/MyDrive/Train_images/568.jpg,ROGK)
498,569.jpg,/content/drive/MyDrive/Train_images/569.jpg,太好了 活人微死死 409
499,57.jpg,/content/drive/MyDrive/Train_images/57.jpg,好痒  感觉要长脑子了
500,570.jpg,/content/drive/MyDrive/Train_images/570.jpg,早上睁眼看男_ 中午吃饭看男铜 晚上睡前看男铜 我现在强的可怕
501,571.jpg,/content/drive/MyDrive/Train_images/571.jpg,"等等: 你知道我是直的。 Ecchan; you know Imstraiaht。 意大利面 弄湿之前也是直的。 So's spaqhetti, untilit qets wet"
502,572.jpeg,/content/drive/MyDrive/Train_images/572.jpeg,不好!  他好像 是个基佬
503,573.jpg,/content/drive/MyDrive/Train_images/573.jpg,极端宗教 男权 LGBT 采秘女 吃女人
504,574.jpg,/content/drive/MyDrive/Train_images/574.jpg,我又没有错
505,575.jpg,/content/drive/MyDrive/Train_images/575.jpg,高雅人士观战中 
506,576.jpg,/content/drive/MyDrive/Train_images/576.jpg,竣o0 劂
507,577.jpg,/content/drive/MyDrive/Train_images/577.jpg,悲报 一介暑噢魉鸯孓 翻节(詈 就d氽宠厮尜 男仄芝|夔踉5阢
508,578.jpg,/content/drive/MyDrive/Train_images/578.jpg,"1发鲁 悭别德鲁 Bj 那女""是薤"
509,579.jpeg,/content/drive/MyDrive/Train_images/579.jpeg, 人  Ll畈 因舄我是女同
510,58.jpg,/content/drive/MyDrive/Train_images/58.jpg,侄女?  更爱了
511,580.jpg,/content/drive/MyDrive/Train_images/580.jpg,崩溃
512,581.jpeg,/content/drive/MyDrive/Train_images/581.jpeg,眢江孚 NNCNT 正在阅读基佬小小说 De
513,582.jpeg,/content/drive/MyDrive/Train_images/582.jpeg,向同性恋说不
514,583.jpg,/content/drive/MyDrive/Train_images/583.jpg,收下吧师妹 这是我的片真心
515,584.jpg,/content/drive/MyDrive/Train_images/584.jpg,我是 1
516,585.jpeg,/content/drive/MyDrive/Train_images/585.jpeg,9 -弟而
517,586.jpg,/content/drive/MyDrive/Train_images/586.jpg,邪恶
518,587.jpg,/content/drive/MyDrive/Train_images/587.jpg,成交!
519,588.jpg,/content/drive/MyDrive/Train_images/588.jpg,太好了是女人 我们有救了
520,589.jpg,/content/drive/MyDrive/Train_images/589.jpg,八 禁止嬉皮笑脸
521,59.jpg,/content/drive/MyDrive/Train_images/59.jpg,18:44 [肉圈外入r4 { ?4611 80 (不完全版) 填表人: QUEEN JBIs THE STONE ROSES 嗵 [y oasis B8g OOI 9眍 6:陶 IIINI Gay Gay Gay GOV Gay Gay Gay Gay Gay Gay Gay q0
522,590.jpg,/content/drive/MyDrive/Train_images/590.jpg,软嘿嘿嘿嘿嘿嘿嘿嘿嘿 嘻嘻嘻嘻嘻嘻嘻嘻嘻嘻嘻
523,591.jpeg,/content/drive/MyDrive/Train_images/591.jpeg,5950444 那些整天耍属的女T
524,592.jpg,/content/drive/MyDrive/Train_images/592.jpg,请问 ? 你很牛吗
525,593.jpg,/content/drive/MyDrive/Train_images/593.jpg,老婆快来让我抱抱
526,594.jpg,/content/drive/MyDrive/Train_images/594.jpg,哈哈
527,595.jpg,/content/drive/MyDrive/Train_images/595.jpg,嫣嫣嫣咪 简 苴天氨黝
528,596.jpg,/content/drive/MyDrive/Train_images/596.jpg,富-堆人都尉始恐跨 就因t有跨想要耒{换镫匆鞫 但我只想好好富佃女人 @朔芘`觚R或手雨
529,597.jpg,/content/drive/MyDrive/Train_images/597.jpg,001 感蹩自己女装能 太成功求了-骂 骗到 些男生 同性魃者
530,598.jpg,/content/drive/MyDrive/Train_images/598.jpg,?
531,599.jpg,/content/drive/MyDrive/Train_images/599.jpg,8迎观暑骚@表情包 0 ? 〉 Q。
532,6.jpg,/content/drive/MyDrive/Train_images/6.jpg,你昱我的灵谤伴侣。你对我来说 意义重大。我无法恝聚-个 没有你的世界 如果我需霎逑择一个人与我共度 余生。我合亳不犹豫地选择 .两天前我刚认识的那个和我 没有任何有惠义的联系的男人! 搞什么鬼!
533,60.jpg,/content/drive/MyDrive/Train_images/60.jpg,仙品婀同 劐求 我* 
534,600.jpg,/content/drive/MyDrive/Train_images/600.jpg,我:我的枕头呢? 她:
535,601.jpg,/content/drive/MyDrive/Train_images/601.jpg,拿来吧你 
536,602.jpg,/content/drive/MyDrive/Train_images/602.jpg,好哇 好哇 打起来打起来
537,603.jpg,/content/drive/MyDrive/Train_images/603.jpg,}
538,604.jpg,/content/drive/MyDrive/Train_images/604.jpg,17世纪的女性: 那时的教会:
539,605.jpg,/content/drive/MyDrive/Train_images/605.jpg,Date:_ 别搞男铜了 求你了 0 ^0 DalyMoog Loading 100%
540,606.jpg,/content/drive/MyDrive/Train_images/606.jpg,小姐该看女同性恋了 臼 oI 臼 I (八 O 丫  1/
541,607.jpg,/content/drive/MyDrive/Train_images/607.jpg,我有两根 给你0根
542,608.jpg,/content/drive/MyDrive/Train_images/608.jpg,弱0别叫
543,609.jpg,/content/drive/MyDrive/Train_images/609.jpg,"Hi, 老婆! 喵喵!"
544,61.jpeg,/content/drive/MyDrive/Train_images/61.jpeg,住6嘴
545,610.jpg,/content/drive/MyDrive/Train_images/610.jpg,这个镞』霰赚寇『 我去上班了
546,611.jpg,/content/drive/MyDrive/Train_images/611.jpg,
547,612.jpg,/content/drive/MyDrive/Train_images/612.jpg,哦哟了不起了不起
548,613.jpeg,/content/drive/MyDrive/Train_images/613.jpeg,富有人周 「_佣雨佃雏是攻 ?] 但_仰不懂逭荔什麽鲁是佃罔题
549,614.jpeg,/content/drive/MyDrive/Train_images/614.jpeg,氮襄逆寇弧~徙逑={审 氦下#先生 小菝和女士n先 戎『跨性别人士
550,615.jpg,/content/drive/MyDrive/Train_images/615.jpg,真男人 只千男人
551,616.jpg,/content/drive/MyDrive/Train_images/616.jpg,你真生气了?
552,617.webp,/content/drive/MyDrive/Train_images/617.webp,TEAMSPIRIT 打我的是gay
553,618.jpg,/content/drive/MyDrive/Train_images/618.jpg,lUtterst Shutter huttersteck
554,619.jpg,/content/drive/MyDrive/Train_images/619.jpg,宣
555,62.webp,/content/drive/MyDrive/Train_images/62.webp,
556,620.jpg,/content/drive/MyDrive/Train_images/620.jpg,你的宝贝一大堆 无助 而我躺在垃圾堆 是吗? 下知所措
557,621.jpg,/content/drive/MyDrive/Train_images/621.jpg,无 语 男朋友又又又被gay 看上 了! !
558,622.jpeg,/content/drive/MyDrive/Train_images/622.jpeg,逭笺狼可以圊出薤是 %ay
559,623.jpg,/content/drive/MyDrive/Train_images/623.jpg,万岁!
560,624.jpg,/content/drive/MyDrive/Train_images/624.jpg,那些打不死我的 一苴在打我
561,625.jpg,/content/drive/MyDrive/Train_images/625.jpg,惑爱和陛剔是没铕类系的#? Bilgll 8V18*411477U 11:01/13:43 
562,626.jpg,/content/drive/MyDrive/Train_images/626.jpg,猫猫祟罴
563,627.jpg,/content/drive/MyDrive/Train_images/627.jpg,好了闭嘴
564,628.jpg,/content/drive/MyDrive/Train_images/628.jpg,物骝 们这骘 害福酌*同 @听听215
565,629.jpg,/content/drive/MyDrive/Train_images/629.jpg,郾
566,63.jpg,/content/drive/MyDrive/Train_images/63.jpg,我的手指间 还残留着你的阼 天
567,630.jpg,/content/drive/MyDrive/Train_images/630.jpg,"@沙雕文案 :我:  你说, 为什么一些前辈老是被做0? 舍友:  可能因为sin等于0。 我二 舍友: 我二"
568,631.jpg,/content/drive/MyDrive/Train_images/631.jpg,:
569,632.jpg,/content/drive/MyDrive/Train_images/632.jpg,"是吗 关我屁 重阳九九久我来找基友 基友不要走菊花没带走 基 基 重阳节今天 狗吊崇洋节 老今天重阳 ,陪我上山 子还是要上班 观菊"
570,633.jpg,/content/drive/MyDrive/Train_images/633.jpg,T ( T( 我是 谢谢 @
571,634.jpg,/content/drive/MyDrive/Train_images/634.jpg,我去  我是个女同志
572,635.jpg,/content/drive/MyDrive/Train_images/635.jpg,当我老婆
573,636.jpg,/content/drive/MyDrive/Train_images/636.jpg,UE BRCANINGNEWS CAT PROTECTS FAMILY FROM ALGBT Brave cat stopped the LGBT as i enrered the home
574,637.jpeg,/content/drive/MyDrive/Train_images/637.jpeg,明明是个基佬还卖萌
575,638.jpg,/content/drive/MyDrive/Train_images/638.jpg,0 直粤就是紧致
576,639.jpeg,/content/drive/MyDrive/Train_images/639.jpeg,台湾人 TNI5I
577,64.jpg,/content/drive/MyDrive/Train_images/64.jpg,我宣布 k 
578,640.jpg,/content/drive/MyDrive/Train_images/640.jpg,"鹜"" 社恐 求分配对象"
579,641.jpg,/content/drive/MyDrive/Train_images/641.jpg,"女生遭受的偏见1 女生留短发 穿着中性 就是T 她性取向肯定是女矣"" @小呆毛在画啦!"
580,642.jpg,/content/drive/MyDrive/Train_images/642.jpg,好心态决定女铜一生
581,643.jpeg,/content/drive/MyDrive/Train_images/643.jpeg,富菊者迷 男分男拾
582,644.jpeg,/content/drive/MyDrive/Train_images/644.jpeg,黧不砭J1 垂]阜渔虱
583,645.jpeg,/content/drive/MyDrive/Train_images/645.jpeg,我要出柜
584,646.jpg,/content/drive/MyDrive/Train_images/646.jpg,憨懋耍  搞GAY 太可了
585,647.jpg,/content/drive/MyDrive/Train_images/647.jpg,女人就该搞女人 NU RFN IIIGAI GAONRCN
586,648.jpg,/content/drive/MyDrive/Train_images/648.jpg,百合充摄取寸# 前0扫尤 定期的匕百合:摄取 匕尤力尤匕
587,649.jpg,/content/drive/MyDrive/Train_images/649.jpg,kiss kiss C
588,65.jpg,/content/drive/MyDrive/Train_images/65.jpg,
589,650.jpg,/content/drive/MyDrive/Train_images/650.jpg,957ne 基佬紫 ge 乐蝣网
590,651.jpg,/content/drive/MyDrive/Train_images/651.jpg,我不要上学
591,652.jpg,/content/drive/MyDrive/Train_images/652.jpg,哔嘟哔嘟 女同集合
592,653.jpg,/content/drive/MyDrive/Train_images/653.jpg,当你有点娈态。但是介穷邋
593,654.jpg,/content/drive/MyDrive/Train_images/654.jpg,霉钱明细 我不~宁 半0.00 III
594,655.jpg,/content/drive/MyDrive/Train_images/655.jpg,这是一个男的 普通人眼中的他 男同眼里的他
595,656.jpeg,/content/drive/MyDrive/Train_images/656.jpeg,早阿 基侥们 !!
596,657.jpg,/content/drive/MyDrive/Train_images/657.jpg,把女性羲题 加入性少敷和 跨性别邋勤 麂骸能 促迮性别平等 沓 羰 IOTTCII
597,658.jpg,/content/drive/MyDrive/Train_images/658.jpg, 跟你鹊旦 修但末勒 句是他是9-
598,659.jpg,/content/drive/MyDrive/Train_images/659.jpg,这个群人员全是妹子头像 然而全是一群死基佬
599,66.jpg,/content/drive/MyDrive/Train_images/66.jpg,让 给子们 下头的瞬间 YES BUT
600,660.jpg,/content/drive/MyDrive/Train_images/660.jpg,
601,661.jpeg,/content/drive/MyDrive/Train_images/661.jpeg,嗨。基佬
602,662.jpg,/content/drive/MyDrive/Train_images/662.jpg,我说句母道话
603,663.jpg,/content/drive/MyDrive/Train_images/663.jpg,& IAI 男男@ 找对象
604,664.jpg,/content/drive/MyDrive/Train_images/664.jpg,WHATSCAP Kong Drama Presentatior 末5讽  周稠 最驷C拶 『
605,665.jpg,/content/drive/MyDrive/Train_images/665.jpg,同志恋 真的 很治愈
606,666.jpg,/content/drive/MyDrive/Train_images/666.jpg,"我有什么错 ,我只是想给每个姬崽一个家"
607,667.jpeg,/content/drive/MyDrive/Train_images/667.jpeg,别富椴掰人 黎a;趟|
608,668.jpg,/content/drive/MyDrive/Train_images/668.jpg,现在的零都狂得很 绝世好t只会是我。 手指短短的 说话吊吊的 别搞我 我还是广 我们就只是网友 诚聘妻子一位 份 欲别那么强
609,669.jpg,/content/drive/MyDrive/Train_images/669.jpg,"直男和弯弯的区别 头发 造型 简单随意。粗犷个性 短平圆寸 鬓角, 修 眉。小胡子 说话 冈格 单向思维。简单直接 犀利刻薄。细声细语 客观不刻意 毒舌 傲娇 喜好 {乐 喜好 健身 喜欢听李宗盛 陈奕 迅。汪峰老男人的歌 喜欢各大支持彩虹的 天后和乐队 喜欢秀肌肉;装备简 单。素色为主 造型百娈 自拍炫耀  表情丰富。衣服艳色 5 喜好 ` 朋友 运动 圈子 喜欢足球。篮球等对 喜欢体操: 跳水。排 直男为主和理想女神 好几个闺蜜和想掰弯 抗激烈运动 球。网球。羽毛球 的直男 眼袖 赢定 时尚 品味 走路撞电线杆主要因 为偷瞄美女 走路撞电线杆主要因 为偷看帅哥 T恤。牛仔裤。运动 鞋。鸭舌帽。正装 大部分都比较潮流, 亮色搭配。项链耳钉"
610,67.jpg,/content/drive/MyDrive/Train_images/67.jpg,When you're biana vers 皆你是双05 31 comments slapricorn 这个男人一辈子都没做出过一个 24 决定 4Gm Reply
611,670.jpg,/content/drive/MyDrive/Train_images/670.jpg,如果娈不好看了老婆还爱我吗
612,671.jpg,/content/drive/MyDrive/Train_images/671.jpg,基督徒面汆同志基督徒的反雁   ?跟 凰: 众-鼬 嘿 歙篥娌赝圆醒I是瞑 他o@雁骸耍接〈你l.丢德癯和  或静寰磔上他佣想要的 嗯贬喔毽:鲷d 2 )溴皆禽n 喁2-聊聊? 嘿o患
613,672.jpg,/content/drive/MyDrive/Train_images/672.jpg,不想听
614,673.jpg,/content/drive/MyDrive/Train_images/673.jpg,
615,674.jpeg,/content/drive/MyDrive/Train_images/674.jpeg,当我和Gay闺蜜一起睡觉 不久我就发现有了他baby 螋戛你嫠-匝觉 SRage 辰我剁别让;秤 惋不昱没有o览盥咩 4455
616,675.jpg,/content/drive/MyDrive/Train_images/675.jpg,
617,676.jpeg,/content/drive/MyDrive/Train_images/676.jpeg,2025昀回志避行 1967的同志裢行
618,677.jpg,/content/drive/MyDrive/Train_images/677.jpg,家产黄谣制作中
619,678.jpg,/content/drive/MyDrive/Train_images/678.jpg,老婆只能和我抛媚眼
620,679.jpg,/content/drive/MyDrive/Train_images/679.jpg,滚出去
621,68.jpg,/content/drive/MyDrive/Train_images/68.jpg,疆颇欢/
622,680.jpeg,/content/drive/MyDrive/Train_images/680.jpeg,欢迎来到正规群 welcome to Gay Group
623,681.jpg,/content/drive/MyDrive/Train_images/681.jpg,好 娶
624,682.jpg,/content/drive/MyDrive/Train_images/682.jpg, %
625,683.jpg,/content/drive/MyDrive/Train_images/683.jpg,窕〉m 死GAY P0
626,684.jpg,/content/drive/MyDrive/Train_images/684.jpg,圊锉恋 双悝恋 互联网氛围 无性恋
627,685.jpg,/content/drive/MyDrive/Train_images/685.jpg,Yoy a@@
628,686.jpg,/content/drive/MyDrive/Train_images/686.jpg,你他妈谁啊少管 我 嗯嗯 我知道了
629,687.jpg,/content/drive/MyDrive/Train_images/687.jpg,我好像要感冒了 你冷漠的态度 把我冻坏了
630,688.jpg,/content/drive/MyDrive/Train_images/688.jpg,  迢k 篼谗赊 (肥
631,689.jpg,/content/drive/MyDrive/Train_images/689.jpg,ido
632,69.jpg,/content/drive/MyDrive/Train_images/69.jpg,最猛的1 筵得是周
633,690.jpg,/content/drive/MyDrive/Train_images/690.jpg,? ??
634,691.jpg,/content/drive/MyDrive/Train_images/691.jpg, ! ?
635,693.jpg,/content/drive/MyDrive/Train_images/693.jpg,警岢也w。 看见你 麋忝 自酌想/~ Aeny 71 巫l @D IIT
636,694.jpg,/content/drive/MyDrive/Train_images/694.jpg,百 @ 合 女人不老的秘密
637,695.jpg,/content/drive/MyDrive/Train_images/695.jpg,110 @ 6)j胸。 9攀报孓囤谠
638,696.jpg,/content/drive/MyDrive/Train_images/696.jpg,被渣女伤碎了心
639,697.jpg,/content/drive/MyDrive/Train_images/697.jpg,男酮竟在我身边
640,698.jpg,/content/drive/MyDrive/Train_images/698.jpg,被同性恋吓晕
641,699.jpg,/content/drive/MyDrive/Train_images/699.jpg,雇是三小 禺男的掰粤04
642,7.jpg,/content/drive/MyDrive/Train_images/7.jpg,速速与我成荤!
643,70.jpg,/content/drive/MyDrive/Train_images/70.jpg,
644,700.jpeg,/content/drive/MyDrive/Train_images/700.jpeg,啊不要过来 死基佬
645,701.jpg,/content/drive/MyDrive/Train_images/701.jpg,你好  基佬 一群基佬 晚上一起搞基 我要把你们 搞基的事情说出去
646,703.jpg,/content/drive/MyDrive/Train_images/703.jpg,F膊酶从拜 跤
647,704.jpg,/content/drive/MyDrive/Train_images/704.jpg,"收到, 卑职这就不办"
648,705.webp,/content/drive/MyDrive/Train_images/705.webp,
649,706.jpg,/content/drive/MyDrive/Train_images/706.jpg,冒 看超来都像GA
650,707.jpg,/content/drive/MyDrive/Train_images/707.jpg,100% 女同性恋
651,708.jpeg,/content/drive/MyDrive/Train_images/708.jpeg,闭嘴 死基佬
652,709.jpeg,/content/drive/MyDrive/Train_images/709.jpeg,富你不再追求女孩 女孩就鲁尉始追求你 Xavier 我不再追求女孩然後大家都 薨得莪趸8ay Like Reply 67g
653,71.jpg,/content/drive/MyDrive/Train_images/71.jpg,@ 9
654,710.jpg,/content/drive/MyDrive/Train_images/710.jpg,听见了 ! 两只耳朵都听见了 !
655,711.webp,/content/drive/MyDrive/Train_images/711.webp,寻找基佬小说中 CIil DMs
656,712.jpg,/content/drive/MyDrive/Train_images/712.jpg,诡秘你在哪
657,713.jpg,/content/drive/MyDrive/Train_images/713.jpg,9 匕 7 前途片黑暗啊
658,714.jpeg,/content/drive/MyDrive/Train_images/714.jpeg,嫣的'三 死gay . 你逭是在斡嘛-!
659,715.jpg,/content/drive/MyDrive/Train_images/715.jpg,浅尝-口虎皮蛋糕
660,716.jpg,/content/drive/MyDrive/Train_images/716.jpg,"死罪, 下一位"
661,718.jpeg,/content/drive/MyDrive/Train_images/718.jpeg,??? ? l 郅0己的桠r [
662,719.jpg,/content/drive/MyDrive/Train_images/719.jpg,我不落泪忍住感觉
663,72.jpg,/content/drive/MyDrive/Train_images/72.jpg,猫听完醒了
664,720.jpg,/content/drive/MyDrive/Train_images/720.jpg,是挚友遗是女同;我自有分辨 是宿敞遗是女同;我自有分辨 是搭横遗是女同;我自有分辨 是同擘遗是女同;我自有辨 是姐妹遗是女同;我自有分辨 是翅膀遗是女同;我自有分辨 是鬟小遗是女同;我自有分辨
665,721.jpg,/content/drive/MyDrive/Train_images/721.jpg,抓小猫吃
666,722.jpg,/content/drive/MyDrive/Train_images/722.jpg,你喜欢男的女的 我是无性恋 那你怎么不出家
667,723.jpeg,/content/drive/MyDrive/Train_images/723.jpeg,gay silence ]
668,724.jpg,/content/drive/MyDrive/Train_images/724.jpg,嗯  心死了
669,725.jpg,/content/drive/MyDrive/Train_images/725.jpg,我是好 拉拉 警惕坏 拉拉
670,726.jpg,/content/drive/MyDrive/Train_images/726.jpg,做 们 8
671,727.jpg,/content/drive/MyDrive/Train_images/727.jpg,"<<( e0l噢皈皈 喵 》》》 宿主, 骝四玩老鼠兄息 饭饭饿饿。 骚~@5% 〉> 是吧。 骚0。。。""?t 更早迷糊 过去的废物"
672,728.jpg,/content/drive/MyDrive/Train_images/728.jpg,你猜为什么 女孩都爱屋顶工
673,729.jpeg,/content/drive/MyDrive/Train_images/729.jpeg,没有人: 做爱脖的臧T:
674,73.png,/content/drive/MyDrive/Train_images/73.png,变GAY喷雾
675,730.jpg,/content/drive/MyDrive/Train_images/730.jpg,你要不要隳隳看 你琨在到底在耩什麽
676,731.jpg,/content/drive/MyDrive/Train_images/731.jpg,女友:寰具_好漂亮喔 _:
677,732.jpg,/content/drive/MyDrive/Train_images/732.jpg,
678,733.jpg,/content/drive/MyDrive/Train_images/733.jpg,百;女人不老秘密
679,734.jpg,/content/drive/MyDrive/Train_images/734.jpg,
680,735.jpg,/content/drive/MyDrive/Train_images/735.jpg,蠹 歇逼了兄弟们
681,736.jpg,/content/drive/MyDrive/Train_images/736.jpg,罹琳 TISM(II 跨性别者:我俩有榷利去女性 厕所澡堂 IdullSUICUII
682,737.jpeg,/content/drive/MyDrive/Train_images/737.jpeg,富雨佃男角在勤蜚中有互勤 : 装剿d不鲁镶你赞咸: (SAY 嘱?
683,738.jpeg,/content/drive/MyDrive/Train_images/738.jpeg,e409 直以为1是直 0是gay。今天才知道 这两 TM 全都是 gayl 天垌了 别人问 我-直都说是1。我以为是直囤。我真的
684,739.jpg,/content/drive/MyDrive/Train_images/739.jpg,
685,74.jpg,/content/drive/MyDrive/Train_images/74.jpg,
686,740.jpg,/content/drive/MyDrive/Train_images/740.jpg,LGBTOt Victims showing the world Who is oppressing them  少敷逾毡界展示自被雒醒迫 霹 那女是a
687,741.jpeg,/content/drive/MyDrive/Train_images/741.jpeg,-倜男的 pPr购0但的魑要 #)是婀0耶他虱庭是爨陛魑遇 是〈惬
688,742.jpg,/content/drive/MyDrive/Train_images/742.jpg,嚣张 哈哈 你能拿我咋滴
689,743.jpg,/content/drive/MyDrive/Train_images/743.jpg,奶豆阿妍 貂姐 崔医生 Out 陈烨珩 Out 天佳萱 U 杨弋 金女土 王姓  短发t 刘大拿 Out 马文杰 Ou [OUf Ouf 丁大筱 小张仔 腻旺旺 0 肖豸 Ouf 杨佳茜 曹蠢 ~} Quf
690,744.jpg,/content/drive/MyDrive/Train_images/744.jpg,"是挚友还是女同, 我自有分辨 是宿敌还是女同 我自有分辨 是搭档还是女同, 我自有分辨 是同学还是女同, 我自有分辨 是姐妹还是女同 我自有分辨 是仇人还是女同 我自有分辨 是发小小还是女同,我自有分辨"
691,745.jpg,/content/drive/MyDrive/Train_images/745.jpg,对呀我就是渣 渣又怎么样 还不是有女的喜欢我
692,746.jpg,/content/drive/MyDrive/Train_images/746.jpg,1仨 & AY
693,747.jpg,/content/drive/MyDrive/Train_images/747.jpg,
694,748.jpg,/content/drive/MyDrive/Train_images/748.jpg,有T吗? 床士著头孑
695,749.jpg,/content/drive/MyDrive/Train_images/749.jpg,"个0, 戏那么多"
696,75.jpg,/content/drive/MyDrive/Train_images/75.jpg,"-曰 3} 青年艺人喻言 在这种大自然环境下 纵览文化万象。紧跟体育脉搏。共享万千精彩。每周一至周六 直播LIVE 5曰 3化冒 青年艿人! 还能挖到很多百合就很开心 豸脉搏。共享万千精彩。每周一至周六18:30, 甘肃文化影视频遣 直播LIV"
697,750.jpg,/content/drive/MyDrive/Train_images/750.jpg,擘妹你搞女同嘱
698,751.jpg,/content/drive/MyDrive/Train_images/751.jpg,鹱家盟下一代幸福瞄盟 园性婚姻襄少子化更霰勤 同性婚姻教壤予小孩
699,752.jpg,/content/drive/MyDrive/Train_images/752.jpg,基不可失   搞基昀+
700,753.jpg,/content/drive/MyDrive/Train_images/753.jpg,别肘 别肘
701,754.jpg,/content/drive/MyDrive/Train_images/754.jpg,止班下阑 下班下雨  忝/ d量-下鹬 lE打2胸 '乔是来湘雨的
702,755.jpg,/content/drive/MyDrive/Train_images/755.jpg,发 发给1 发给1 发给女鬼|发给妹控 '发给姐控 发给5 发给从 发铪侄女
703,756.jpg,/content/drive/MyDrive/Train_images/756.jpg,擘妹你搞女同嘱
704,758.jpg,/content/drive/MyDrive/Train_images/758.jpg,JESUS IS TRANS! Jesus is Trans DEBUNKED!
705,759.jpg,/content/drive/MyDrive/Train_images/759.jpg,气气
706,76.jpg,/content/drive/MyDrive/Train_images/76.jpg,只做1
707,760.jpg,/content/drive/MyDrive/Train_images/760.jpg,我碎了
708,761.jpg,/content/drive/MyDrive/Train_images/761.jpg,硬撑
709,762.jpg,/content/drive/MyDrive/Train_images/762.jpg,16 Personalities 你的人格类型是: NTXL
710,763.jpg,/content/drive/MyDrive/Train_images/763.jpg,送你fafa
711,764.png,/content/drive/MyDrive/Train_images/764.png,研究鼬示一些生物常年找不到 伴侣可能鲁夔性: 1.青蛙 2.蜩牛 3.舄贼 4.人叛
712,765.jpg,/content/drive/MyDrive/Train_images/765.jpg,别吵我 昨天都起过床了
713,766.jpg,/content/drive/MyDrive/Train_images/766.jpg,
714,767.jpg,/content/drive/MyDrive/Train_images/767.jpg,胖罐子胖摔
715,768.jpg,/content/drive/MyDrive/Train_images/768.jpg,注意点影响啊喂! 这儿还有祖国的花朵呢!
716,769.jpg,/content/drive/MyDrive/Train_images/769.jpg,(在。路E遇到痼狂椴掰园性剿 抱歉。锇乔尊重同性憋
717,77.png,/content/drive/MyDrive/Train_images/77.png,多猛 #跨< 我没堋属 就巍自己姓 遗能告别人歧祝
718,770.jpg,/content/drive/MyDrive/Train_images/770.jpg,WoIEN G
719,771.jpg,/content/drive/MyDrive/Train_images/771.jpg,园喜颧圃醮就周骢 好像即贝鲁想跟你上床-豫
720,772.jpg,/content/drive/MyDrive/Train_images/772.jpg,我靠你他妈也是女铜 你好你好幸会幸会
721,773.jpg,/content/drive/MyDrive/Train_images/773.jpg,
722,774.jpeg,/content/drive/MyDrive/Train_images/774.jpeg,此时-位9ay的群员路过 并悄悄看了眼群主
723,775.jpg,/content/drive/MyDrive/Train_images/775.jpg,
724,776.jpg,/content/drive/MyDrive/Train_images/776.jpg,省鬼rI悬镏铜 贳#我羹呗暑姆姆穿这介吗
725,777.jpeg,/content/drive/MyDrive/Train_images/777.jpeg, 我等 下 ! 你佣都很@a 但莪糙裆郇
726,778.jpg,/content/drive/MyDrive/Train_images/778.jpg,我不需要
727,779.jpg,/content/drive/MyDrive/Train_images/779.jpg,随便吧
728,78.jpg,/content/drive/MyDrive/Train_images/78.jpg,我喜欢剧里的XXX 我也是 因为t好涩想上了t
729,780.jpg,/content/drive/MyDrive/Train_images/780.jpg,泥几己耗汁为汁吧
730,781.jpg,/content/drive/MyDrive/Train_images/781.jpg,谢谢宝宝
731,783.jpeg,/content/drive/MyDrive/Train_images/783.jpeg,至都gay死最好 爽啦
732,784.jpg,/content/drive/MyDrive/Train_images/784.jpg,当了一晚上1的我
733,785.jpg,/content/drive/MyDrive/Train_images/785.jpg,篦?在男寻澡篁擒&息 氽秘J 
734,786.jpg,/content/drive/MyDrive/Train_images/786.jpg,帅t登场
735,787.jpg,/content/drive/MyDrive/Train_images/787.jpg,血了 但没把 极品手长帅T去世 (吹流氓哨) 弱0别叫 我喜欢你 你可以追我吗
736,788.jpg,/content/drive/MyDrive/Train_images/788.jpg,让  子们 下头的瞬间 YES BUT 0
737,789.jpg,/content/drive/MyDrive/Train_images/789.jpg,
738,79.jpg,/content/drive/MyDrive/Train_images/79.jpg,失家好我是6A炮佩佩
739,790.jpg,/content/drive/MyDrive/Train_images/790.jpg,犹豫就会败北 爱姐永不后悔
740,791.jpg,/content/drive/MyDrive/Train_images/791.jpg,{
741,792.jpg,/content/drive/MyDrive/Train_images/792.jpg,内鄙视链 狼。熊 猪。狒 猴。伪娘。其他
742,793.jpg,/content/drive/MyDrive/Train_images/793.jpg,《邀皴E篡}网 C遁周 箴忝韶阉 想忝想旯佃囿 只要周就是他嫣不行
743,794.jpg,/content/drive/MyDrive/Train_images/794.jpg,颞悝  ?@。 你喜欢女生? 我都喜欢 Pp_ha咖p 男生和女生 那你现在有几个男朋友和女朋友 单身
744,795.jpg,/content/drive/MyDrive/Train_images/795.jpg,局促
745,796.jpg,/content/drive/MyDrive/Train_images/796.jpg,黑化进度100%
746,797.jpg,/content/drive/MyDrive/Train_images/797.jpg,教练:  安全带! 我:  鹌鹑蛋?』#晶*064 N
747,798.jpg,/content/drive/MyDrive/Train_images/798.jpg,2女 形容自强自立的女人
748,799.jpg,/content/drive/MyDrive/Train_images/799.jpg,气成猕猴桃
749,8.jpg,/content/drive/MyDrive/Train_images/8.jpg,打扮这么漂亮当然是是为了见宝宝
750,80.jpeg,/content/drive/MyDrive/Train_images/80.jpeg,d生 w凛拜亢四己古大鲵行 五。也]穿鄢墟恕膏5下.丑 谒孜垂爵1忑?窳 那你就他嫣的不要看
751,800.png,/content/drive/MyDrive/Train_images/800.png,别吵 死GAY
752,801.jpg,/content/drive/MyDrive/Train_images/801.jpg,$猫king
753,802.jpg,/content/drive/MyDrive/Train_images/802.jpg,这里好多基佬好 可怕
754,803.jpg,/content/drive/MyDrive/Train_images/803.jpg,这还下朋显? TI 旧8 聊648 0
755,804.jpg,/content/drive/MyDrive/Train_images/804.jpg,11.22 '夫埽08 8
756,805.jpg,/content/drive/MyDrive/Train_images/805.jpg,男权女 跨性别 传统男权 新自由男权 激女
757,806.jpg,/content/drive/MyDrive/Train_images/806.jpg,你是我见二介爱一个里 最爱的个
758,807.jpeg,/content/drive/MyDrive/Train_images/807.jpeg,"濉然你的年a 已祆不遒合遏 免童箭 但 ,哥佣 祢男同也算同"
759,808.jpeg,/content/drive/MyDrive/Train_images/808.jpeg,尔客气  应该 的
760,809.jpg,/content/drive/MyDrive/Train_images/809.jpg,让  子们 下头的瞬间 YES BUT
761,81.webp,/content/drive/MyDrive/Train_images/81.webp,"我真服了, 死男同 我被吓晕了 佥' @(诼深[ ?后迥的金发厨"
762,810.jpg,/content/drive/MyDrive/Train_images/810.jpg,Honey 告拆你一佃秘密 甚麽秘密 ? 我慷孕了 把他抓去浸猪箭 我早就皓絷了 !
763,811.jpeg,/content/drive/MyDrive/Train_images/811.jpeg,以前的小孩看到彩虹 畦是彩 ! 琨在的小孩看到彩虹 戢忝知逍簌老兄 9 那看趄栾甲甲鞫
764,812.jpg,/content/drive/MyDrive/Train_images/812.jpg,小心 双性恋 防同大讲堂
765,813.jpg,/content/drive/MyDrive/Train_images/813.jpg,尔很 码?
766,814.jpeg,/content/drive/MyDrive/Train_images/814.jpeg,出柜刃 绝世猛1 [为爱儆0
767,815.jpg,/content/drive/MyDrive/Train_images/815.jpg,中马8  会叫 好的 好的 好的 收到! 痢)人8 会酌嘶到
768,816.jpeg,/content/drive/MyDrive/Train_images/816.jpeg,富女生骏琨好朋友是同志 蜚C@MBSSEATSJ 富男生骏琨好朋友是同志 别碰我雅雅 !
769,817.webp,/content/drive/MyDrive/Train_images/817.webp,CDID 躲火箭的是gay
770,818.jpeg,/content/drive/MyDrive/Train_images/818.jpeg,真是令人 无语凝噎 的基佬:
771,819.jpg,/content/drive/MyDrive/Train_images/819.jpg,
772,82.jpg,/content/drive/MyDrive/Train_images/82.jpg,我宣布我俩 正式结为闺蜜
773,820.jpg,/content/drive/MyDrive/Train_images/820.jpg,了我好像 爱上侄女了
774,821.jpeg,/content/drive/MyDrive/Train_images/821.jpeg,别给我gay里gay气的
775,822.jpg,/content/drive/MyDrive/Train_images/822.jpg,洗掉蒜了 生活 (乖巧)
776,823.jpg,/content/drive/MyDrive/Train_images/823.jpg,拉拉特别高兴
777,824.jpg,/content/drive/MyDrive/Train_images/824.jpg,"QqegJmJ >>No. 63687897 我:  你们国家的人是怎么记住那么多性别 和取向的? 他: Ga: Kuck him。 Leshian: Fuck her Discruul: Tuck thern. Polysevual: Fuck many ofthem。 Panseal; Hck anvone。 Omniscvual: Puck erenone。 Demisevual: Fuck You i particular。 Oueer; Huck this, Stright: Fuck tha。 Aseuill: PucknU。 公^号 矛盾苇孳"
778,825.jpg,/content/drive/MyDrive/Train_images/825.jpg,我是躺0 舒眼晚安
779,826.jpg,/content/drive/MyDrive/Train_images/826.jpg,我夭他们都是 同胜恋 牛顿 达芬奇 莎士比亚 亚里士多德 柴可夫斯基 路易十三 邦 萨福 库克 图灵 米勒 千朵
780,827.jpg,/content/drive/MyDrive/Train_images/827.jpg,"6眼辨别钢铁直男 6 直男"" 《GAYI 坐姿 坐姿 一般都鸭子坐 喜欢岔开腿令 小 小红书号 Jisoomeiianya"
781,828.jpg,/content/drive/MyDrive/Train_images/828.jpg,混迹gay群 十年有感 系列2:双偏gay
782,829.jpg,/content/drive/MyDrive/Train_images/829.jpg,"7的刀8许忾NCL血 下你的语熹 巧了 我的孙子也喜欢发 这幅圈 怀识'怀喜欢我?其实 ;我 开锆 竹0 跟你识了咆,其灾 你慢点放屁  别呛着 我也挺直欢拜的"
783,83.jpg,/content/drive/MyDrive/Train_images/83.jpg,挺同 * 反同 你鸺造些没有爱的 你佃遣  不d真理的购 旦 你 盥:0少u圜像
784,830.jpg,/content/drive/MyDrive/Train_images/830.jpg,操你妈绝交 妇阁蜜
785,831.jpg,/content/drive/MyDrive/Train_images/831.jpg,你说什么?  你是侄女!
786,833.jpg,/content/drive/MyDrive/Train_images/833.jpg,SCreams in Iesbian
787,834.jpg,/content/drive/MyDrive/Train_images/834.jpg,知己挚友个屁 你们就是同性恋 别装了真的
788,835.jpg,/content/drive/MyDrive/Train_images/835.jpg,
789,836.jpg,/content/drive/MyDrive/Train_images/836.jpg,髋我g巍我窨畿圊 你脱雠遇母胎擘身嘱2
790,837.jpg,/content/drive/MyDrive/Train_images/837.jpg,鲎我*真解辉什麽跨性别 但剡方蠼是韶荔我是gay
791,838.jpg,/content/drive/MyDrive/Train_images/838.jpg,我小猫咪也不是好惹的!
792,839.jpeg,/content/drive/MyDrive/Train_images/839.jpeg,MERI 柬苞佃就是禳数 屙罔啁3 老聊 耶bo的祺敕是不是9a
793,84.png,/content/drive/MyDrive/Train_images/84.png,
794,840.jpg,/content/drive/MyDrive/Train_images/840.jpg,
795,841.jpg,/content/drive/MyDrive/Train_images/841.jpg,给个鸡会
796,842.jpg,/content/drive/MyDrive/Train_images/842.jpg,5 二 糨1 0 & Co 7 AGaV !=
797,844.jpg,/content/drive/MyDrive/Train_images/844.jpg,呸 gay里gay气 ! 往易粹F玺刖胯 Frjeit? .?SrIUIS3UUC}SE5 U
798,845.jpg,/content/drive/MyDrive/Train_images/845.jpg,真生气啦?
799,846.jpg,/content/drive/MyDrive/Train_images/846.jpg,放心 你是枕头公主 这事我不会~出去的
800,847.jpg,/content/drive/MyDrive/Train_images/847.jpg,笑容逐渐变态
801,848.jpg,/content/drive/MyDrive/Train_images/848.jpg,不是同志
802,849.jpg,/content/drive/MyDrive/Train_images/849.jpg,喝多的你:  我爱你 朋友:  我知道  你先坐下
803,85.jpg,/content/drive/MyDrive/Train_images/85.jpg,坏男人 进我黑名单里呆着吧 豳 醒跽  1? 确定将他拉入黑名单吗? 拉罴后; `将清空聊天记录。且下再收到对 方消息 取消 拉黑 品 圆e%岛单数量增舸到2@悭 宥效阮骝l
804,850.jpg,/content/drive/MyDrive/Train_images/850.jpg,Sowde prty GO 血}
805,851.jpg,/content/drive/MyDrive/Train_images/851.jpg,你巽性魃就想生?? 爽就好了啊  好康的不爽爆 @那女的是雏 同性戆根本就是 镬家盥 想爽不想生
806,852.jpg,/content/drive/MyDrive/Train_images/852.jpg,劫你躲的掉 但姐你躲不掉
807,853.jpg,/content/drive/MyDrive/Train_images/853.jpg,挺同 * 反同 你鸺造些没有爱的 你佃遣  不d真理的购 旦 你 盥:0少u圜像
808,854.jpg,/content/drive/MyDrive/Train_images/854.jpg,我对男的没兴趣 女的搞基请加我
809,855.jpeg,/content/drive/MyDrive/Train_images/855.jpeg,e409 直以为1是直 0是gay。今天才知道 这两 TM 全都是 gayl 天垌了 别人问 我-直都说是1。我以为是直囤。我真的
810,856.jpg,/content/drive/MyDrive/Train_images/856.jpg,例是1?  蕺冢倌 像*个品觜e栽看看
811,857.jpg,/content/drive/MyDrive/Train_images/857.jpg,"ZZTV 新  闻 祖  安 祖安市民金克丝 ARCANE| 我是籴抗讽侗陛恋的 14: 23 该男子声称会让所有人不再受苦。 近日,于"
812,858.jpg,/content/drive/MyDrive/Train_images/858.jpg,姐《
813,859.jpg,/content/drive/MyDrive/Train_images/859.jpg,又来了
814,86.jpg,/content/drive/MyDrive/Train_images/86.jpg,啧年纪轻轻 怎么是个傻子
815,860.jpg,/content/drive/MyDrive/Train_images/860.jpg,我很好
816,861.jpg,/content/drive/MyDrive/Train_images/861.jpg,"每倜跨都斡遇的事 : 想改掉自己琨在的名字 ,但想不到要改叫什麽 T Sarcasmlol @跨男迷因 @tansman_meme"
817,863.jpg,/content/drive/MyDrive/Train_images/863.jpg,^你 @ 没} 令裔坎
818,864.jpg,/content/drive/MyDrive/Train_images/864.jpg,小
819,865.jpg,/content/drive/MyDrive/Train_images/865.jpg,
820,866.jpg,/content/drive/MyDrive/Train_images/866.jpg,收女人 收女人漂亮女人猛女人
821,867.jpg,/content/drive/MyDrive/Train_images/867.jpg,改夔性别不稀奇^ 箩带鲸黛鲁徙 廿生夔成男生 WUOWUO
822,868.jpg,/content/drive/MyDrive/Train_images/868.jpg,让  子们 下头的瞬间 YES BUT
823,869.jpg,/content/drive/MyDrive/Train_images/869.jpg,有点想鼠 不确定 再活活
824,87.jpg,/content/drive/MyDrive/Train_images/87.jpg,瞧这色儿! 好色 ! 好色 ! 哇 ! 这可真是色禽啊!
825,870.jpg,/content/drive/MyDrive/Train_images/870.jpg,头脑发热
826,871.jpg,/content/drive/MyDrive/Train_images/871.jpg,
827,873.jpg,/content/drive/MyDrive/Train_images/873.jpg,警惕同性恋 防同太讲堂
828,874.jpg,/content/drive/MyDrive/Train_images/874.jpg,怎么才能 戒掉男铜
829,875.jpg,/content/drive/MyDrive/Train_images/875.jpg,收帅男人
830,876.jpg,/content/drive/MyDrive/Train_images/876.jpg,
831,877.jpg,/content/drive/MyDrive/Train_images/877.jpg,`孑 再也逃础 劢魔/
832,878.jpg,/content/drive/MyDrive/Train_images/878.jpg,诱制 @今8memes 眍翅 购戳猹迭秋<胸 我 * 
833,879.jpg,/content/drive/MyDrive/Train_images/879.jpg,悲 报 #酶仄坠 :&
834,88.jpg,/content/drive/MyDrive/Train_images/88.jpg,是你吧
835,880.jpg,/content/drive/MyDrive/Train_images/880.jpg,让  子们 下头的瞬间 YES BUT
836,881.jpg,/content/drive/MyDrive/Train_images/881.jpg,晟丽买 华会躺窝里 写跑棚里 牛马 会想尽办法出门上班 9喜欢拍。
837,882.jpg,/content/drive/MyDrive/Train_images/882.jpg,女人就该搞女人 NU RFN IIIGAIGAONRCN
838,883.jpg,/content/drive/MyDrive/Train_images/883.jpg,女同性魑 男同性魃 跨性别者 女榷 黑人 迪土尼
839,884.jpg,/content/drive/MyDrive/Train_images/884.jpg,以前的我 愆辨想序;很6g 琨在的我 戚就6o 皿Chang@memes 内
840,885.jpg,/content/drive/MyDrive/Train_images/885.jpg,听说玩 小红书的 男生大多数 是gay
841,887.jpeg,/content/drive/MyDrive/Train_images/887.jpeg,"呸, gay里gay气 !"
842,888.webp,/content/drive/MyDrive/Train_images/888.webp,壬的男人 毕业后= 在成都工作一年
843,889.jpg,/content/drive/MyDrive/Train_images/889.jpg,可在女渴露舄 可以富丙衣店冕摸奶 捅礁  保镬女性 被嚷疑生理性别可以告人歧视 遗女性安全空周 弑圄跟大罘解辉 跨性别免街换镫的漏洞
844,89.jpg,/content/drive/MyDrive/Train_images/89.jpg,"『"" 戡晌夭啊 他要巍』篱甸n -@o"
845,890.jpg,/content/drive/MyDrive/Train_images/890.jpg,暴雨矢 毕会躲窝里 马套跑棚里 牛马 会想尽办法出门卫鳐
846,891.jpg,/content/drive/MyDrive/Train_images/891.jpg,苦命鸳鸯罢了
847,892.jpg,/content/drive/MyDrive/Train_images/892.jpg,@8(248 穿上它 就是最美的公主
848,894.jpg,/content/drive/MyDrive/Train_images/894.jpg,戬这双眼煲马俑里的 男同都能给他揪出来
849,895.jpg,/content/drive/MyDrive/Train_images/895.jpg,是金子总会发兕 0 是吧铢子
850,896.jpeg,/content/drive/MyDrive/Train_images/896.jpeg,"[00-+2-0 !S 我生理是男性。但我是跨性别者;所以我认为我是女人; 我同肘有异装癖,所以我平时穿男装, 我还是同性恋;所 以我喜欢女人 好家伙。跟普通人没区别。这就上3层buf"
851,897.jpeg,/content/drive/MyDrive/Train_images/897.jpeg,妈我恕贯筵畿 不 老娑我想贯 @ 兄弟我 e氐 鹭 突) 掊垂了 糟禚
852,898.jpg,/content/drive/MyDrive/Train_images/898.jpg,你不生气了吧
853,899.jpg,/content/drive/MyDrive/Train_images/899.jpg,恶龙咆哮
854,9.jpg,/content/drive/MyDrive/Train_images/9.jpg,HOR 有没有0 (10 可以把 淤- Cho Aguchi 星期1带走 Vve i 4017.7.2
855,90.jpg,/content/drive/MyDrive/Train_images/90.jpg,"@3 对啊, 所以呢"
856,900.jpg,/content/drive/MyDrive/Train_images/900.jpg,宝贝听我说 我们只是闺蜜
857,901.jpg,/content/drive/MyDrive/Train_images/901.jpg,1 无}谓啦
858,902.jpg,/content/drive/MyDrive/Train_images/902.jpg,我是个钕铜 我不是女菩萨
859,903.jpg,/content/drive/MyDrive/Train_images/903.jpg,
860,904.jpeg,/content/drive/MyDrive/Train_images/904.jpeg,不好!  他好像 是个基佬
861,905.jpg,/content/drive/MyDrive/Train_images/905.jpg,逻鼎#B fv我獬介 {@@M 彳 谢踯 (3 
862,906.jpg,/content/drive/MyDrive/Train_images/906.jpg,菊  乐  路 W西~JULEROAD 菊  乐 W西<JULE RO 苁 都醴肴U院 知乎 @当代基友图鉴
863,907.jpg,/content/drive/MyDrive/Train_images/907.jpg,写条姬
864,908.jpg,/content/drive/MyDrive/Train_images/908.jpg,宝宝 我感觉我们 有点暧昧 9
865,909.jpg,/content/drive/MyDrive/Train_images/909.jpg,"这位小哥。我看你骨骼清奇 面相雄浑,是块搞基的好材料! 谁敢阻止我搞基?) 楼上这男的非常开放 搞基请联系他 楼上的是咱群里 最会搞基的基佬"
866,91.jpg,/content/drive/MyDrive/Train_images/91.jpg,俺不中了
867,910.jpg,/content/drive/MyDrive/Train_images/910.jpg,顺直吧基佬的价值观 仇女 骗婚 反对 异性恋 造谣 梅毒 反智 报复 篡改 魔怔 代孕 恨国 掰弯 社会 记录 基眼 -切都是 猴痘 性骚扰 淋病 淋语 看人基 父母和社 会的错 人与 尖锐 填充 脱肛 动物 反86 滥情 湿疣 异物 冼日 骗婚 和 代孕 异性恋 两个爸爸 3是为了 肛肛好 繁衍 意淫 直男 HIV 父子 逆向 拿图灵 传播 多人 要特权 比烂 岐视 挡枪 白左思想 运动 滥交 炼铜 找金主 母0 捂嘴 漏屎 总结者;  琉璃
868,911.jpg,/content/drive/MyDrive/Train_images/911.jpg,老殷捉小姬
869,912.jpg,/content/drive/MyDrive/Train_images/912.jpg,
870,913.jpg,/content/drive/MyDrive/Train_images/913.jpg,Wink! 第一眼看到你 9 让我有点 小欢喜! +1人气
871,914.jpg,/content/drive/MyDrive/Train_images/914.jpg,老师 这个 人gay里gay气的
872,915.jpg,/content/drive/MyDrive/Train_images/915.jpg,总裁别看女同了
873,916.jpg,/content/drive/MyDrive/Train_images/916.jpg,右一像抑郁的gay 左一连心眉好凶 后三看不清 Oasis
874,917.jpg,/content/drive/MyDrive/Train_images/917.jpg,前途一片女通讯录啊 4  498
875,918.jpg,/content/drive/MyDrive/Train_images/918.jpg,侄女? 更爱了
876,919.jpg,/content/drive/MyDrive/Train_images/919.jpg,?
877,92.jpg,/content/drive/MyDrive/Train_images/92.jpg,错  '  下次还敢
878,920.jpg,/content/drive/MyDrive/Train_images/920.jpg,然啦我就是在阴阳怪气 L 很牛气吧真下好意思
879,921.jpg,/content/drive/MyDrive/Train_images/921.jpg,GAY的基本特征 整理如下 欢迎补充 Re 2 @ Rile ha I Value UACeJJ you clcose i{ and give i val ((0 (CJkchc id IO place {62 happined。 tless yo( btilg lappinesd ta youroell Oelu
880,922.jpg,/content/drive/MyDrive/Train_images/922.jpg,11.22 600夫埽08
881,923.jpg,/content/drive/MyDrive/Train_images/923.jpg,
882,924.jpg,/content/drive/MyDrive/Train_images/924.jpg,男女之圊真+'[纯友|]嘱3 男男之圊都不碓寇了 你巍呢3
883,925.jpg,/content/drive/MyDrive/Train_images/925.jpg,"搞不搞基,痛快点 ! 就你还敢和 我装逗 静静的看着你装逼 没人有意见吧 ?"
884,926.jpg,/content/drive/MyDrive/Train_images/926.jpg,
885,927.png,/content/drive/MyDrive/Train_images/927.png,你佣男生整天搞基 嗯心死了!!! 不行嘱? 仙界 大潺 没事没事! 你佣糙穰
886,928.jpg,/content/drive/MyDrive/Train_images/928.jpg,OPEN 拉吧开业
887,929.jpg,/content/drive/MyDrive/Train_images/929.jpg,师妹 我只和你天下第一好 ^
888,93.jpg,/content/drive/MyDrive/Train_images/93.jpg,很不高兴为您服务
889,930.jpg,/content/drive/MyDrive/Train_images/930.jpg,麻亍 @抗压背锅吧
890,932.jpg,/content/drive/MyDrive/Train_images/932.jpg,2 醒俪
891,933.jpg,/content/drive/MyDrive/Train_images/933.jpg,Your personality type is: The Dumb Cuy IMSB 你的人格类型是  铁弱智 IMSB-A
892,934.jpg,/content/drive/MyDrive/Train_images/934.jpg,跟我的喵喵拳说去吧
893,935.jpg,/content/drive/MyDrive/Train_images/935.jpg,跨性别遵勤< 你居然敢用我的魔法封付我| SJW 女榷圜醴
894,936.jpg,/content/drive/MyDrive/Train_images/936.jpg,总裁别看b8了
895,937.jpg,/content/drive/MyDrive/Train_images/937.jpg,  子 鼍 O女人O 22不|[e男人
896,938.jpeg,/content/drive/MyDrive/Train_images/938.jpeg,"我不排斥gay#拉!不要喜戳我就好"" 干穴寄淫〈零式》"
897,939.jpg,/content/drive/MyDrive/Train_images/939.jpg,没有那种世俗的欲望 ~ 是
898,94.jpg,/content/drive/MyDrive/Train_images/94.jpg,怕但是又好奇
899,940.jpg,/content/drive/MyDrive/Train_images/940.jpg,我是01 但为爱 做过
900,941.jpg,/content/drive/MyDrive/Train_images/941.jpg,"〈』 郴端 厌女"" 将被视为恐怖# "
901,942.jpg,/content/drive/MyDrive/Train_images/942.jpg,今日爽吃女同饭 请祖国死心
902,943.jpg,/content/drive/MyDrive/Train_images/943.jpg,闭嘴 肥婆 闭嘴 ! 你闭嘴
903,944.webp,/content/drive/MyDrive/Train_images/944.webp,窀 Gay力 !
904,945.jpg,/content/drive/MyDrive/Train_images/945.jpg,
905,946.jpg,/content/drive/MyDrive/Train_images/946.jpg,1
906,947.jpeg,/content/drive/MyDrive/Train_images/947.jpeg,《F』吣熊I陇 5 亚军人芏 尊荔跨性别而彀
907,948.jpg,/content/drive/MyDrive/Train_images/948.jpg,牛弊涸人
908,949.jpeg,/content/drive/MyDrive/Train_images/949.jpeg,Gay里Gay气的男人
909,95.jpg,/content/drive/MyDrive/Train_images/95.jpg,5:他嫣的 在做付匦3 你-巍你想要和我皿 斟 但不是琨在好嘱 #horydragon blogspotcom gBNBCO/BA/5910949
910,950.jpg,/content/drive/MyDrive/Train_images/950.jpg,跨宓 跨男 跨女不能参噢g 就是缺男 切也不是艾 有雅巴就苤姻瘌 乔切怎麽可能是女昀
911,951.jpg,/content/drive/MyDrive/Train_images/951.jpg,1~遥起嚣快籴 0 q
912,952.jpg,/content/drive/MyDrive/Train_images/952.jpg,相依为GAY
913,953.jpg,/content/drive/MyDrive/Train_images/953.jpg,鞲然 是 女同的耩口
914,954.jpg,/content/drive/MyDrive/Train_images/954.jpg,(偷瞄)
915,956.jpg,/content/drive/MyDrive/Train_images/956.jpg,姐们儿庆祝 9 96
916,96.jpg,/content/drive/MyDrive/Train_images/96.jpg,都乱成一锅粥啦拉 犬家快趁热吃吧!
917,97.webp,/content/drive/MyDrive/Train_images/97.webp,"兄弟,霉不霉来总燃垫情"
918,98.webp,/content/drive/MyDrive/Train_images/98.webp,不要用任何方武 损伤你的问 成都HIY 肠医生卿勇 不要用任何方式损伤自己的肛门肛肠科
919,99.jpg,/content/drive/MyDrive/Train_images/99.jpg,某些熊祝性别筹爨 你怎臀_直镨桷秘存怂找麻烦的跨性别者 斡嘛遁性g蜜` 遣鳘院:蹯哂 雀:憋的l』娲孬檬I嶷醮喁 通蠡鳍你的c别 画眄鳘獠疏突 戆道要算在莪  骸岙是意簪瘵磴爹 匮襄我跑法院酗 锇他u*翰  3k4伪慰
